"SITE_ID","Met_Var","Season","Slope","pvalue","Met_Var_Median","Npts","PearsonR","SpearmanR","RMSE","Slope_SE"
"AT-Neu","P_detrend","Spring",-0.679096623261667,0.510914336265989,-6.96331881044898e-13,11,-0.222442289054815,-0.236363636363636,108.913898319199,0.992141142980798
"BE-Bra","P_detrend","Spring",-0.652680693858391,0.0203492374223671,159.03,19,-0.527268161832709,-0.403508771929825,54.286893588021,0.255099632753548
"BE-Dor","P_detrend","Spring",-0.451754023351722,0.609148204681847,124.109,9,-0.198236533837754,-0.25,104.989875566245,0.844235720327778
"BE-Vie","P_detrend","Spring",-0.394929170377584,0.0178218050315511,-8.81072992342524e-13,23,-0.489248263506073,-0.379446640316206,44.3949637736645,0.15362742447326
"CA-Ca1","P_detrend","Spring",0.129879799433065,0.151185288110404,234.069,7,0.603691486865008,0.5,16.9031853010018,0.0767041158384012
"CA-Ca2","P_detrend","Spring",0.590961825255875,0.111610527954973,237.3685,6,0.713166860002248,0.828571428571429,60.5693051001453,0.29043755618483
"CA-Ca3","P_detrend","Spring",0.141358821544747,0.277825029142936,254.511,9,0.40633285857494,0.2,43.1722627320432,0.12014550315741
"CA-Cbo","P_detrend","Spring",-0.167905989493422,0.634355618785051,234.5315,14,-0.139491618309284,-0.0197802197802198,61.039753885022,0.344080905615967
"CA-Gro","P_detrend","Spring",-0.407044012937643,0.0387114815567487,187.349,11,-0.627603769639384,-0.509090909090909,26.4118956143271,0.168310633504151
"CA-Man","P_detrend","Spring",-0.433299412638088,0.4324181470225,45.413,11,-0.264201850977676,-0.290909090909091,37.7360829746681,0.52725237671943
"CA-Oas","P_detrend","Spring",0.0590311093244429,0.854593340524911,83.9895,14,0.05397560713727,-0.0857142857142857,49.1781338995813,0.315253003371401
"CA-Obs","P_detrend","Spring",0.38320165989908,0.11833954235598,86.006,11,0.498789322475377,0.427272727272727,29.6354800907345,0.22195729904459
"CA-Qfo","P_detrend","Spring",-0.280899836539377,0.10088306440132,174.077,7,-0.668173530342933,-0.535714285714286,15.8442211349557,0.139879265564394
"CA-TP1","P_detrend","Spring",-0.410756421658979,0.372027967636467,282.196,5,-0.517309161641235,-0.5,64.0707295443927,0.392324231331632
"CA-TP3","P_detrend","Spring",-0.571524076664473,0.0221208781487625,287.425,10,-0.7074108110955,-0.6,44.7600056739155,0.201890552020596
"CA-TP4","P_detrend","Spring",-0.113145562150222,0.504447818182597,272.163,15,-0.187045605736172,-0.182142857142857,46.1961678568588,0.164810596933989
"CA-WP1","P_detrend","Spring",0.108750476709216,0.843781109429475,120.2825,6,0.104526606377627,-0.0857142857142857,19.7664136722289,0.517355127041208
"CH-Aws","P_detrend","Spring",-0.955413898744775,0.00947635552347324,354.489,5,-0.960194311293593,-0.9,17.7444166536048,0.160470029423024
"CH-Cha","P_detrend","Spring",-0.14309561204644,0.868159493551098,272.8065,12,-0.053780144057856,-0.125874125874126,224.52810108602,0.840185901110909
"CH-Dav","P_detrend","Spring",-0.0042090237580563,0.980942405363864,163.0625,22,-0.00540850907138236,0.00508187464709204,43.2811768455228,0.174013308692961
"CH-Fru","P_detrend","Spring",-0.365149855109189,0.140415202674334,374.822,14,-0.41467235810698,-0.410989010989011,89.937693691489,0.231314508841183
"CH-Lae","P_detrend","Spring",-0.373327843629404,0.214359945482702,185.503,15,-0.340447349700354,-0.289285714285714,85.4043956681166,0.285968609120778
"CH-Oe1","P_detrend","Spring",-0.569099472753868,0.153419074588897,244.444,6,-0.660388701888417,-0.6,78.9549730113022,0.323559758546519
"CZ-BK1","P_detrend","Spring",-0.0420138309485203,0.796821789656017,285.434,14,-0.0757759296706301,0.0241758241758242,53.6363952859336,0.159595240747915
"CZ-Lnz","P_detrend","Spring",-0.729278310311275,0.40109226717887,112.819,5,-0.490876858406456,-0.3,43.1088856648131,0.747295586199365
"CZ-RAJ","P_detrend","Spring",-0.313256024116257,0.527256857761623,164.424,8,-0.264161424049204,-0.0952380952380952,55.9509116566435,0.466924811252733
"CZ-Stn","P_detrend","Spring",-0.0760168185627151,0.841881865089147,148.867,10,-0.0726650485842001,0.00606060606060606,58.000670097397,0.368883735597821
"CZ-wet","P_detrend","Spring",-0.0649614740727241,0.846663393600605,131.627,13,-0.0595905133824771,-0.0769230769230769,34.9823217222255,0.328102797285268
"DE-Gri","P_detrend","Spring",-0.41731558232509,0.424011383134266,190.683,16,-0.214953927843843,-0.252941176470588,108.901675200294,0.506737069253946
"DE-Hai","P_detrend","Spring",-0.296408142382108,0.176650132449823,175.024,21,-0.306455811800057,-0.279220779220779,54.6334977208539,0.211217500094447
"DE-HoH","P_detrend","Spring",-0.422345152939972,0.623226631664976,110.609,5,-0.300503118137313,-0.3,19.0422501292449,0.773938576899438
"DE-Hte","P_detrend","Spring",-0.628475941444939,0.145349396610482,113.279,7,-0.610543123413792,-0.428571428571428,21.4614751950959,0.36458867819308
"DE-Hzd","P_detrend","Spring",-0.570255041660511,0.381869573735017,134.112,8,-0.359425081849576,-0.142857142857143,61.0408475381386,0.604432394467731
"DE-Lnf","P_detrend","Spring",-0.472882770847332,0.270037734667898,100.51,7,-0.484928268876373,-0.642857142857143,43.5677665862292,0.381397271606313
"DE-Obe","P_detrend","Spring",-0.72164472966933,0.0517777385022277,213.2465,12,-0.572404649445546,-0.622377622377623,51.904322299187,0.326903024204598
"DE-RuR","P_detrend","Spring",0.448594170693912,0.406197769690952,170.679,9,0.316794056407398,0.05,76.0010414932108,0.507647588680253
"DE-RuW","P_detrend","Spring",0.18717531936291,0.618573516492087,172.097,8,0.209474565122542,0.285714285714286,63.1023198550627,0.356695765674316
"DE-Tha","P_detrend","Spring",-0.348915904172732,0.265329224053131,184.283,23,-0.242290413734042,-0.221343873517787,61.7698359094084,0.304886254285636
"DK-Sor","P_detrend","Spring",-0.295974875198181,0.476783352169638,144.248,24,-0.152520370651463,-0.0443478260869565,81.1522901567041,0.408888214349026
"ES-Abr","P_detrend","Spring",2.02991975412718,0.0331308031243423,154.61,5,0.907814145158122,0.9,52.7303866358467,0.541404016055866
"ES-Agu","P_detrend","Spring",1.40708356562583,0.146571593926381,76.108,11,0.468014365367308,0.654545454545455,60.4775697462177,0.885634563857329
"ES-LJu","P_detrend","Spring",0.0177068795360037,0.757104143156869,145.388,15,0.0872763844714351,0.246428571428571,22.6337096133416,0.0560548546965962
"ES-LM1","P_detrend","Spring",0.461621237010553,0.0603313357809043,160.077,7,0.734064489776711,0.857142857142857,42.5406020999441,0.190979763490582
"ES-LM2","P_detrend","Spring",0.237115402612509,0.392116611858723,154.718,7,0.386222297519534,0.75,54.2053921441815,0.253255808288497
"FI-Hyy","P_detrend","Spring",0.063562939778971,0.631704806869173,-1.56319401867222e-13,22,0.108208620289525,0.0479954827780915,21.0101524360939,0.130577850332124
"FI-Let","P_detrend","Spring",0.301129455316241,0.498584404937547,96.854,11,0.228800849551038,0.2,70.8283229399666,0.42706932039004
"FI-Sod","P_detrend","Spring",-0.185585450136218,0.228610538456131,103.099,13,-0.358804673938888,-0.384615384615385,9.88162138689407,0.145567083337251
"FI-Var","P_detrend","Spring",2.36313643275245,0.0340180956386984,98.067,5,0.906159472248615,0.7,11.2911158808913,0.636793131531912
"FR-Bil","P_detrend","Spring",-0.0740496783373935,0.808535794166938,229.448,6,-0.128347564529157,0.0285714285714286,51.6667828106775,0.286087360253567
"FR-FBn","P_detrend","Spring",-0.0993022375493199,0.597316292179316,148.376,11,-0.17955025875291,-0.0636363636363636,40.1071300871773,0.181357683841903
"FR-Fon","P_detrend","Spring",-0.697232084868067,0.155722443005035,167.449,15,-0.38563553961535,-0.464285714285714,104.454632768612,0.462664509144763
"FR-Hes","P_detrend","Spring",-0.709133758441035,0.237924653299644,185.613,7,-0.514023876083993,-0.392857142857143,78.8527571589067,0.529216887981402
"FR-Pue","P_detrend","Spring",0.144305097517865,0.419755209338683,199.878,14,0.234467637114916,0.353846153846154,59.5184240241886,0.172714887839291
"IL-Yat","P_detrend","Spring",0.580005544212062,0.134983828809923,44.3865,20,0.346087696326098,0.366917293233083,55.4387533017448,0.370600639265743
"IT-Col","P_detrend","Spring",0.0886411870854676,0.545852389474687,299.628,10,0.217628024309692,0.0424242424242424,45.7516658822597,0.140552867716699
"IT-Cpz","P_detrend","Spring",0.0382888765331047,0.922319703490732,155.533,9,0.0381775666552444,0.0166666666666667,85.1449379248249,0.378790109478171
"IT-Lav","P_detrend","Spring",-0.186665389027717,0.148023557620456,247.934,17,-0.366408847478864,-0.208333333333333,53.9750251168646,0.122390329272437
"IT-Lsn","P_detrend","Spring",-0.231519818368389,0.47778899838926,235.332,5,-0.423132828716113,-0.6,58.2390813604932,0.286227564489666
"IT-MBo","P_detrend","Spring",-0.21774306759181,0.200011887241328,260.7405,16,-0.338273235219278,-0.314705882352941,78.6262082220942,0.161891642316718
"IT-Noe","P_detrend","Spring",-0.393890785578417,0.594079157672832,142.5945,10,-0.192544732359709,-0.284848484848485,75.167045988432,0.709734246244697
"IT-Ren","P_detrend","Spring",-0.287136154995622,0.337996433908478,212.543,21,-0.219974846533911,-0.162337662337662,75.7550227248315,0.29212437665011
"IT-Ro1","P_detrend","Spring",0.327490379250607,0.421868703623617,210.116,7,0.364216108847406,0.464285714285714,64.9765130498386,0.374499067371022
"IT-Ro2","P_detrend","Spring",-0.0832154981844355,0.776979405550909,172.689,9,-0.110596078441748,-0.0666666666666667,53.7239376600519,0.282646139107416
"IT-SR2","P_detrend","Spring",-0.159270389245562,0.0424685288433739,196.435,8,-0.723560747735439,-0.5,19.3697196721637,0.0620293984705035
"IT-SRo","P_detrend","Spring",0.639342186927166,0.111216292634918,192.605,14,0.444581491933879,0.287912087912088,97.3186902558884,0.371854085396829
"IT-Tor","P_detrend","Spring",-0.350058944621331,0.0502494261107579,236.862,11,-0.601551806792556,-0.681818181818182,39.1336891450859,0.154954186949857
"NL-Hor","P_detrend","Spring",-0.727249349464675,0.593594002336454,190.76,7,-0.246843995004508,-0.321428571428571,129.963868392354,1.27680420193521
"NL-Loo","P_detrend","Spring",-0.296995276531987,0.363597198191025,-6.82121026329696e-13,21,-0.208847541392816,-0.184415584415584,60.5739309277859,0.319050354556881
"RU-Fy2","P_detrend","Spring",-1.52638018869257,0.0597096905286236,151.189,5,-0.862837234523309,-0.9,29.4547076525478,0.516272255217886
"RU-Fyo","P_detrend","Spring",-0.099183110393346,0.650724505660564,103.6085,20,-0.107889859717701,-0.0932330827067669,42.8703073692022,0.215416206844768
"SE-Deg","P_detrend","Spring",-0.25048618984836,0.0503169694381085,73.882,20,-0.443215911783644,-0.454135338345865,12.5427812359675,0.119410152408313
"SE-Htm","P_detrend","Spring",0.347033570889182,0.346452174186152,101.272,6,0.470393132934966,-0.0857142857142857,39.5196872542055,0.325517286862905
"SE-Nor","P_detrend","Spring",1.23251437111854,0.0875912212021964,114.458,7,0.687889679974743,0.821428571428571,26.3619813463687,0.581586462657106
"SE-Ros","P_detrend","Spring",0.426504859864481,0.188704151650961,109.2425,6,0.620498244835873,0.828571428571429,18.0259385060932,0.26951603446744
"SE-Svb","P_detrend","Spring",0.0674154653520041,0.860927964759113,93.543,6,0.0929826592080468,0.257142857142857,29.2591909512734,0.36094581402557
"US-Bar","P_detrend","Spring",-0.0862239866808769,0.617070059938799,292.105,13,-0.153299042772896,-0.28021978021978,41.5999007592282,0.167582360989968
"US-Blo","P_detrend","Spring",-0.0298723232292148,0.826884912740679,323.0325,8,-0.092860494009563,-0.30952380952381,74.7813289558906,0.130762070553407
"US-Dk2","P_detrend","Spring",-0.167995005034407,0.225007375782357,214.315,7,-0.526236893626666,-0.535714285714286,31.1901223722604,0.1214008330921
"US-Dk3","P_detrend","Spring",-0.543261006086486,0.235839861769625,200.6695,6,-0.571737245108854,-0.0285714285714286,91.0778155250099,0.389786845715128
"US-Fmf","P_detrend","Spring",0.272023423693384,0.300613867530413,78.82,5,0.584543042884278,0.8,16.402318265383,0.217993837902778
"US-Fuf","P_detrend","Spring",-0.34016478518183,0.703530334561974,82.632,5,-0.235028797229644,-0.6,42.5142712685983,0.812210747837465
"US-GLE","P_detrend","Spring",-0.302628251727918,0.0480455415444344,400.5565,8,-0.710945114467719,-0.80952380952381,26.1857618702748,0.122209780951476
"US-Ha1","P_detrend","Spring",-0.163436538076609,0.440810398800848,297.889,21,-0.177745694492967,-0.309090909090909,68.955207382396,0.207587933237921
"US-Ho1","P_detrend","Spring",1.37943106540647,0.383030881044301,208.49,7,0.393073798716065,0.357142857142857,123.72887145601,1.44309828161981
"US-IB2","P_detrend","Spring",-0.0124198410688009,0.968324676007069,297.21,7,-0.0186615552743738,-0.107142857142857,37.2512045425818,0.297582621472112
"US-KFS","P_detrend","Spring",0.119973690809914,0.771154698240985,183.289,9,0.11354707039215,0.366666666666667,67.0556896705581,0.396773990706664
"US-Los","P_detrend","Spring",-0.045491418732187,0.536147472030947,254.011,7,-0.284618354917071,-0.285714285714286,18.8998856364901,0.0685231837383793
"US-Me2","P_detrend","Spring",-0.443170387478711,0.450512178908448,109.7535,12,-0.240997955939674,-0.216783216783217,88.9566951059733,0.564370597718671
"US-Me3","P_detrend","Spring",-0.112220362318606,0.778589212884885,80.217,6,-0.148703266405066,-0.314285714285714,28.58727479051,0.373134644637234
"US-MMS","P_detrend","Spring",-0.100549477437993,0.525349944489912,300.432,19,-0.155365168395152,-0.114035087719298,58.7209971846484,0.15505858837023
"US-Mpj","P_detrend","Spring",1.4038917309231,0.0145602602901732,41.892,9,0.773082164233175,0.783333333333333,35.846830681022,0.435369187355312
"US-NR1","P_detrend","Spring",-0.305729773186445,0.00996622735885378,233.338,15,-0.641365206305982,-0.5,28.1923403920935,0.101435385505819
"US-Oho","P_detrend","Spring",-0.155669407733184,0.609626888673243,201.586,10,-0.184621467350832,-0.0787878787878788,52.037631460923,0.292985088217431
"US-PFa","P_detrend","Spring",0.0371179505452611,0.833999040083376,170.4385,18,0.0531805468601614,0.0918472652218782,46.8162692609896,0.17424334471102
"US-Prr","P_detrend","Spring",0.481682794276577,0.639627302096959,40.954,6,0.245160124703859,0.0857142857142857,24.7440304798501,0.952404247469426
"US-Seg","P_detrend","Spring",0.564639633642518,0.562691758887974,24.329,11,0.196418881033645,0.3,48.9478466398078,0.939557498501029
"US-Ses","P_detrend","Spring",0.678164442796314,0.395735031103941,26.18,11,0.284932811313651,0.263636363636364,36.495421430787,0.760474983932649
"US-SRC","P_detrend","Spring",1.0513749414541,0.533596449763579,19.708,6,0.322071906733783,0.714285714285714,39.3307279078724,1.54523357454152
"US-SRG","P_detrend","Spring",-0.05435746696229,0.949841541356393,25.018,10,-0.0229416519179344,0.115151515151515,32.4946954103251,0.837481480341044
"US-SRM","P_detrend","Spring",1.00482888263586,0.221839578787053,22.83,11,0.400814534171948,0.545454545454545,27.4195216173692,0.765593695602549
"US-Syv","P_detrend","Spring",-0.172421107993874,0.0119886395406329,146.953,6,-0.909215436993559,-0.771428571428571,9.9730767224592,0.0394754516419502
"US-Ton","P_detrend","Spring",0.157725809722674,0.34478923861575,166.665,13,0.285267125683302,0.313186813186813,60.8945136883094,0.159780315924409
"US-Tw1","P_detrend","Spring",0.376473947460287,0.141030106320377,121.619,6,0.675298104762523,0.714285714285714,30.2109883761188,0.205588047315528
"US-Uaf","P_detrend","Spring",0.836657709987376,0.120503865191955,24.783,13,0.452521001145819,0.483516483516484,24.875777536558,0.497115927458957
"US-UMB","P_detrend","Spring",-0.9540248267439,0.0330871335532203,144.879,11,-0.642308676261804,-0.572727272727273,41.8037449672709,0.379468936334975
"US-UMd","P_detrend","Spring",-0.65664918636182,0.0791344601123427,191.4475,10,-0.579494080744643,-0.309090909090909,40.7620409200817,0.326500966259657
"US-Var","P_detrend","Spring",0.353409594423512,0.240514038473589,148.6805,14,0.335778327840926,0.358241758241758,118.572877152188,0.286192842356719
"US-Vcp","P_detrend","Spring",0.82882714590028,0.00671875731353971,72.728,11,0.759297951229203,0.809090909090909,29.9743507150286,0.236777306497298
"US-WCr","P_detrend","Spring",-0.188901715856189,0.249409448770762,222.6835,12,-0.360681041161756,-0.48951048951049,39.3760330791123,0.154471920740358
"US-Whs","P_detrend","Spring",1.13341588681114,0.506214563933299,12.431,7,0.304826051538668,0.535714285714286,25.1087837647629,1.58370856974614
"US-Wjs","P_detrend","Spring",2.11844132783953,0.0177858963097482,47.8285,10,0.72451835931267,0.660606060606061,44.8014859859442,0.712528587422916
"US-Wkg","P_detrend","Spring",1.12104570715283,0.238313065406057,15.423,10,0.410778335791495,0.575757575757576,28.4954450036355,0.879710021759261
"AT-Neu","P_detrend","Summer",0.245124779446615,0.838172859429175,3.97903932025656e-13,11,0.069904190642438,0,135.244878210998,1.16600130777841
"BE-Bra","P_detrend","Summer",0.0938462827202514,0.776338616478816,240.947,19,0.0698371939407862,0.0912280701754386,82.8332069836895,0.325120357665294
"BE-Dor","P_detrend","Summer",-0.181947837693315,0.659752588244008,165.207,9,-0.17114084170774,-0.133333333333333,51.6794465879441,0.395903324468864
"BE-Vie","P_detrend","Summer",-0.163924768980968,0.47880329051963,228.882,23,-0.15544296149766,-0.125494071146245,73.6571957014013,0.227327836951228
"CA-Ca1","P_detrend","Summer",0.403792135136561,0.148109374688395,118.783,7,0.607285880590034,0.642857142857143,26.4650592964077,0.23624601547194
"CA-Ca2","P_detrend","Summer",-2.37425869332203,0.286464474372438,115.315,6,-0.523517175062254,-0.657142857142857,173.614536705859,1.93203241997924
"CA-Ca3","P_detrend","Summer",2.46789809089582,0.0134947261999056,109.857,9,0.778306044937666,0.716666666666667,73.193552227911,0.75250255101426
"CA-Cbo","P_detrend","Summer",0.657222414097107,0.390249736464293,248.932,14,0.24920063736917,0.279120879120879,124.744520329232,0.737310876932564
"CA-Gro","P_detrend","Summer",0.486473342438115,0.276809593348366,232.4955,10,0.381411899854839,0.43030303030303,69.860374682622,0.416852290117957
"CA-Man","P_detrend","Summer",0.164383968202328,0.450998103274371,159.439,11,0.25402360306922,0.127272727272727,28.5156269980995,0.208631332646978
"CA-Oas","P_detrend","Summer",0.073684726526251,0.832115508213864,240.5165,14,0.0624214143338058,-0.032967032967033,87.1720051006194,0.340099110467799
"CA-Obs","P_detrend","Summer",0.191758764374779,0.175562624083478,226.993,11,0.440080121828597,0.4,20.9360930475148,0.130424291600661
"CA-Qfo","P_detrend","Summer",0.0127418060402494,0.878271892895752,294.288,7,0.0718893949746726,-0.142857142857143,22.3795675563585,0.0790598550432402
"CA-TP1","P_detrend","Summer",0.200440769925693,0.700400752709671,283,7,0.179349029918418,0.107142857142857,58.6183674895342,0.491702536690559
"CA-TP3","P_detrend","Summer",0.0430538686689832,0.960860522244276,283,7,0.0230611871513311,-0.142857142857143,83.7086404917329,0.834699216129384
"CA-TP4","P_detrend","Summer",0.165432792787196,0.73442627181614,-2.27373675443232e-13,15,0.0956927157540532,0.167857142857143,91.7284363335849,0.477280231922235
"CA-WP1","P_detrend","Summer",0.111334636945551,0.827759672480116,193.963,6,0.115338330950114,0.314285714285714,35.4518532509849,0.479422661178894
"CH-Aws","P_detrend","Summer",0.243468295319851,0.304744768669132,505.676,5,0.580551384890965,0.7,36.3127487762712,0.197144567621174
"CH-Cha","P_detrend","Summer",0.362333776507902,0.428058951723708,445.028,13,0.240804587097761,0.164835164835165,143.043206118364,0.440327901261581
"CH-Dav","P_detrend","Summer",0.110747411054367,0.563742388265487,1.13686837721616e-13,22,0.130150726268267,0.057029926595144,74.669277675266,0.188652330933701
"CH-Fru","P_detrend","Summer",0.037356280856341,0.694696594465791,501.56,14,0.115295663936965,0.178021978021978,57.8266613968873,0.0929082156050957
"CH-Lae","P_detrend","Summer",0.359430474968713,0.346283181409497,285.321,15,0.261600752667928,0.264285714285714,98.9003862491253,0.367799236879776
"CH-Oe1","P_detrend","Summer",0.537992037585375,0.420489883128808,314.469,6,0.409175409512183,0.314285714285714,119.243525196739,0.599857559080227
"CZ-BK1","P_detrend","Summer",0.00371973643225199,0.988687472395303,-2.55795384873636e-13,16,0.00385760007840158,-0.00882352941176471,75.8412881446593,0.257707891251154
"CZ-Lnz","P_detrend","Summer",2.85963041597892,0.199133281355925,164.193,5,0.687986239415375,0.5,93.1937497937206,1.74156967263315
"CZ-RAJ","P_detrend","Summer",0.922455972003362,0.331124393628594,223.2065,8,0.396260913089562,0.333333333333333,111.010241252171,0.872562858341929
"CZ-Stn","P_detrend","Summer",0.382342745390633,0.198483645326921,1.65556457432103e-12,10,0.444132977664092,0.236363636363636,45.6600601293823,0.272699214390775
"CZ-wet","P_detrend","Summer",0.108167606134663,0.710429276097408,230.59,13,0.114137465742883,0.115384615384615,81.3991215617562,0.283873731782032
"DE-Gri","P_detrend","Summer",0.582524304111542,0.137083724381008,280.0065,16,0.388415230188832,0.258823529411765,146.123729188391,0.369353140902525
"DE-Hai","P_detrend","Summer",0.544294402189526,0.103607335124178,207.1,21,0.365144265773151,0.15974025974026,106.192989787012,0.31836064828528
"DE-HoH","P_detrend","Summer",0.628560556796385,0.177182505767227,139.411,5,0.712131412201386,0.6,42.9804480675889,0.357760213290518
"DE-Hte","P_detrend","Summer",-0.0860756169631205,0.471219529956162,141.431,7,-0.328988254114427,-0.428571428571428,42.5552125293748,0.110494429019366
"DE-Hzd","P_detrend","Summer",3.54953552939359,0.289958255673949,1.08002495835535e-12,8,0.428127425855417,0.261904761904762,145.94501444185,3.05883441017075
"DE-Lnf","P_detrend","Summer",-0.372950692868036,0.650354133238131,172.397,7,-0.210597305374783,0.0714285714285714,100.432622256716,0.774217101013523
"DE-Obe","P_detrend","Summer",0.143059710887893,0.739007198319188,2.21689333557151e-12,12,0.107702706710527,0.0979020979020979,117.425953515952,0.417596760974438
"DE-RuR","P_detrend","Summer",0.133327994604178,0.638798122170352,233.083,9,0.182276108921815,0.15,61.4113135239018,0.271835002817844
"DE-RuW","P_detrend","Summer",-0.097968821550572,0.847694312943359,247.683,8,-0.0815910835235729,-0.0952380952380952,80.6156117979168,0.488561401911153
"DE-Tha","P_detrend","Summer",0.25332358082627,0.301337692127479,250.513,23,0.225291136282655,0.231225296442688,89.0704118622621,0.239062124065931
"DK-Sor","P_detrend","Summer",0.162973905628283,0.419394218607807,250.969,24,0.172804080771026,0.229565217391304,89.1903134134733,0.198047636878123
"ES-Abr","P_detrend","Summer",-0.667098934439809,0.701351164111112,6.22,5,-0.236790024497227,-0.3,37.6065084236821,1.58028793014152
"ES-Agu","P_detrend","Summer",-1.48797043693245,0.702739320281367,5.133,9,-0.148626305482763,-0.116666666666667,52.354854336039,3.74195958943559
"ES-LJu","P_detrend","Summer",0.0150681567899479,0.953286796087145,11.827,14,0.0172648224138483,0.186813186813187,20.7166412289576,0.251908403990192
"ES-LM1","P_detrend","Summer",-1.039744580344,0.164313898032786,15.3,7,-0.58874564878127,-0.535714285714286,42.8547821275108,0.638405166088284
"ES-LM2","P_detrend","Summer",-0.880184183883164,0.166396512975224,14.609,7,-0.586430086170794,-0.785714285714285,32.1676634064615,0.543697395393977
"FI-Hyy","P_detrend","Summer",0.0702537570790963,0.64900269586948,242.486,23,0.100256134145041,0.149209486166008,47.8723924474279,0.152144164467559
"FI-Let","P_detrend","Summer",1.48269370911808,0.0563389595967622,190.99,11,0.589441674928046,0.5,111.822172879267,0.677328081332797
"FI-Sod","P_detrend","Summer",-0.244636812532564,0.596567848360756,203.015,13,-0.162176181523926,-0.054945054945055,56.0307868212301,0.448797814001727
"FI-Var","P_detrend","Summer",-0.039979875220337,0.907763082100789,189.548,5,-0.0725062856492805,-0.2,33.0725532152849,0.317512304360191
"FR-Bil","P_detrend","Summer",0.147993910521983,0.886580637376818,146.9075,6,0.0757578394816715,0.0857142857142857,63.7431911235004,0.973949451218384
"FR-FBn","P_detrend","Summer",1.60705806122669,0.0462619128030724,56.009,11,0.610037934365798,0.272727272727273,80.3202277099238,0.695797247616019
"FR-Fon","P_detrend","Summer",-0.411792204737651,0.393911289823865,8.5265128291212e-14,14,-0.247341456935715,-0.23956043956044,63.418062404228,0.465674288478865
"FR-Hes","P_detrend","Summer",0.199679022921332,0.752134322125862,198.586,7,0.147607707989409,-0.142857142857143,85.9859046623189,0.598349440455622
"FR-Pue","P_detrend","Summer",0.460056788454251,0.420862952675954,105.8825,14,0.233925089980877,0.305494505494505,94.064696441147,0.551980876945486
"IL-Yat","P_detrend","Summer",23.310279396668,0.0735802117644555,0,19,0.419768343827358,0.525073704038598,22.0862950085228,12.2242659106159
"IT-Col","P_detrend","Summer",0.788557537893641,0.124091888596847,106.165,14,0.430808065954314,0.336263736263736,93.2364674208787,0.476846936692802
"IT-Cpz","P_detrend","Summer",0.741719469217517,0.496653231989409,7.14095449438901e-13,8,0.283234823972563,0.547619047619048,114.725763503804,1.02531880194123
"IT-Lav","P_detrend","Summer",-0.0190392232110795,0.94577306571726,293.204,17,-0.0178550964658685,0.0637254901960784,90.3851101985162,0.275278413377977
"IT-Lsn","P_detrend","Summer",0.0803799680025849,0.922248226983441,240.96,5,0.0611041453123398,0.3,67.0629339092331,0.758061157306726
"IT-MBo","P_detrend","Summer",-0.414582078562335,0.0399230045019194,287.514,17,-0.502254797907004,-0.492647058823529,53.7868518814424,0.184296098756664
"IT-Noe","P_detrend","Summer",1.17390382435436,0.212378091681655,30.6205,10,0.432094564198463,-0.103030303030303,60.3302022271135,0.866228726591931
"IT-Ren","P_detrend","Summer",-0.0888404488501773,0.720807575025906,-1.30739863379858e-12,19,-0.0877899317374319,-0.0649122807017544,85.505672528983,0.244490236205984
"IT-Ro1","P_detrend","Summer",-0.158088339477076,0.760606056725562,54.296,7,-0.142455734176776,-0.0357142857142857,131.202459638136,0.491227718578744
"IT-Ro2","P_detrend","Summer",-0.171836199120635,0.784941459983453,-4.35207425653061e-13,10,-0.0992854156495758,0.0181818181818182,159.122424238573,0.608881861429751
"IT-SR2","P_detrend","Summer",0.209602452485061,0.540807493362121,91.2065,8,0.255848365814937,0.0238095238095238,71.5446739165954,0.323323602905443
"IT-SRo","P_detrend","Summer",0.300691360751843,0.650092629476749,90.0035,12,0.146278320851612,0.335664335664336,160.034875049522,0.643049164711014
"IT-Tor","P_detrend","Summer",0.103142271731874,0.762205189237274,240.982,11,0.103416409742409,-0.136363636363636,67.5905945889843,0.330667181445568
"NL-Hor","P_detrend","Summer",-0.991434136427646,0.125970863280795,321.074,7,-0.634353688624181,-0.714285714285714,70.7305758759081,0.540319969236989
"NL-Loo","P_detrend","Summer",-0.112451784675437,0.396533573046162,237.016,21,-0.195173520860122,-0.225974025974026,47.4693055241485,0.129638878327743
"RU-Fy2","P_detrend","Summer",-0.223390837676566,0.883300141216342,284.624,5,-0.0917848912223413,-0.1,112.783506114565,1.39925360002057
"RU-Fyo","P_detrend","Summer",0.156691789342136,0.634700794444348,209.076,21,0.110105799335978,0.12987012987013,104.9732034432,0.324496950202514
"SE-Deg","P_detrend","Summer",-0.168925999642651,0.292941627731879,1.33582034322899e-12,20,-0.247414746130053,-0.341353383458647,39.1142054619432,0.15592579024452
"SE-Htm","P_detrend","Summer",0.456523583346447,0.66915271838831,231.8565,6,0.224327800893394,0.371428571428571,175.61230057012,0.991603592548286
"SE-Nor","P_detrend","Summer",1.36089946627139,0.111378546202644,160.48,7,0.653548668483001,0.571428571428571,65.468345928533,0.704843527088094
"SE-Ros","P_detrend","Summer",0.386552092815199,0.46405892820202,202.3795,6,0.374851265349785,0.257142857142857,37.3597887818274,0.478011768723543
"SE-Svb","P_detrend","Summer",0.437563939300341,0.250343808113662,189.8365,6,0.557542015809665,0.428571428571429,25.6045574196419,0.325754055026422
"US-Bar","P_detrend","Summer",-0.168654321765078,0.507370142475925,394.717,12,-0.212458062046003,-0.202797202797203,64.6456287108277,0.245298259424036
"US-Blo","P_detrend","Summer",1.06478315084152,0.649016095052643,0.75,7,0.211441210282624,0.0370624658330551,166.960080712091,2.20117586423673
"US-Dk2","P_detrend","Summer",0.20334229877287,0.335597700876057,362.03,7,0.429987102048157,0.321428571428571,38.818139900236,0.190939464256978
"US-Dk3","P_detrend","Summer",-0.136373867517594,0.745183273152535,326.097,6,-0.171561013368944,-0.371428571428571,73.9427120563544,0.391557257936662
"US-Fmf","P_detrend","Summer",-0.00895743563396826,0.987520193283293,239.041,5,-0.00980177422766598,-0.2,65.2870065658551,0.527591160471602
"US-Fuf","P_detrend","Summer",0.0655240968208445,0.87464046808355,242.291,5,0.0986172281015575,0.3,68.045385895525,0.381738052735939
"US-GLE","P_detrend","Summer",0.19899229897103,0.78524703698999,184.856,10,0.0991415156354377,-0.151515151515151,99.1249559279469,0.706140002152567
"US-Ha1","P_detrend","Summer",-0.281300855463663,0.226210108936671,282.2985,20,-0.283257626243922,-0.144360902255639,85.4333251839328,0.224487237841765
"US-Ho1","P_detrend","Summer",0.237761002388983,0.437738605326994,263.9625,6,0.395455349246841,0.2,26.7785630458765,0.276112034876124
"US-IB2","P_detrend","Summer",0.596793586532851,0.297723951695196,-9.09494701772928e-13,7,0.461081641799726,0.464285714285714,64.1669970514091,0.513641428649159
"US-KFS","P_detrend","Summer",2.11903760239618,0.0248643896546212,147.418,9,0.73228923086779,0.75,98.7443284369952,0.744817924387613
"US-Los","P_detrend","Summer",0.504284692897067,0.0752353547960244,219.833,7,0.707693077280197,0.571428571428571,26.0950653017316,0.22514914166368
"US-Me2","P_detrend","Summer",0.882790999486885,0.308224689718516,54.602,13,0.306618985237262,0.274725274725275,79.9213030241866,0.826271869262295
"US-Me3","P_detrend","Summer",0.684242224448335,0.453861555337332,28.334,6,0.38278859902393,0.2,29.8487427530468,0.82568756837754
"US-MMS","P_detrend","Summer",0.182168945594335,0.234075520441487,273.901,19,0.286673327925546,0.421052631578947,67.5171472960147,0.147652558431051
"US-Mpj","P_detrend","Summer",0.392767863534416,0.434357554976919,121.159,10,0.279384646170133,0.454545454545455,63.580786029756,0.477244289280658
"US-NR1","P_detrend","Summer",0.102114493843067,0.42920051114353,176.098,15,0.220734537693405,0.325,19.9741224958999,0.12514074950672
"US-Oho","P_detrend","Summer",0.709305800633507,0.0228684407752468,236.234,10,0.704701112406765,0.818181818181818,41.6808923300671,0.252486747988637
"US-PFa","P_detrend","Summer",0.549971461842704,0.0818437946298738,197.731,17,0.433886904409451,0.526960784313726,75.7370700890605,0.294867584612812
"US-Prr","P_detrend","Summer",0.238136442464362,0.27450073030404,199.127,5,0.610117456527784,0.6,21.9773429175933,0.178544903329034
"US-Seg","P_detrend","Summer",0.690506226001102,0.121523956286488,77.705,11,0.495098448922482,0.472727272727273,39.0349177139556,0.403917831595467
"US-Ses","P_detrend","Summer",0.387373741075412,0.265260853909075,88.394,11,0.368165932952925,0.227272727272727,34.657089052099,0.326089059736269
"US-SRC","P_detrend","Summer",0.466229721409999,0.0838328552210448,123.467,5,0.827374255927492,1,26.4225955575196,0.182727476962204
"US-SRG","P_detrend","Summer",0.950671617634634,0.00285962955521929,209.1795,10,0.831545003788162,0.83030303030303,42.9239432588538,0.224517667408583
"US-SRM","P_detrend","Summer",0.869763544066306,0.0106659312068102,178.563,11,0.730557503120303,0.454545454545455,32.626214423561,0.270988964015692
"US-Syv","P_detrend","Summer",0.828512720845855,0.0851705700588559,252.1655,6,0.751171007099199,0.714285714285714,52.2506304114793,0.364036674286777
"US-Ton","P_detrend","Summer",1.17603092158646,0.230695638469805,1.77,13,0.357310218535037,0.440853898098269,48.7552140111339,0.926866570212888
"US-Tw1","P_detrend","Summer",-0.130418716405946,0.971064161700684,2.597,6,-0.0192929525944143,0.314285714285714,84.7874226715267,3.37932831718216
"US-Uaf","P_detrend","Summer",-0.444486046214779,0.34888390309347,169.2675,12,-0.296786896935738,-0.412587412587413,65.7964302152517,0.452263138965419
"US-UMB","P_detrend","Summer",-0.00273776246678353,0.993452228982854,193.913,11,-0.00281238933624037,0.2,55.1887767748999,0.324487036019726
"US-UMd","P_detrend","Summer",-0.111861365481234,0.795275040447918,170.522,10,-0.094425985669243,0.0424242424242424,46.4110641780318,0.416964201358136
"US-Var","P_detrend","Summer",0.718631382361726,0.00643662122735397,4.444,14,0.688859787706213,0.290429218649168,13.15989795909,0.218302943540192
"US-Vcp","P_detrend","Summer",1.00066361186381,0.0424670766240079,144.6375,10,0.648656576779275,0.624242424242424,46.4953794022741,0.415106278361818
"US-WCr","P_detrend","Summer",0.837253523542629,0.158351351952202,258.663,11,0.456283801318913,0.463636363636364,94.7881626900426,0.544264268684301
"US-Whs","P_detrend","Summer",0.76338402919751,0.00193401962947804,177.428,7,0.9358436440645,0.964285714285714,9.77808304242565,0.128561151910551
"US-Wjs","P_detrend","Summer",0.951948094483971,0.0688747788239116,138.545,10,0.596226708350711,0.733333333333333,75.0397928638202,0.453182289878334
"US-Wkg","P_detrend","Summer",0.600002504855627,0.117542598021719,171.262,10,0.526988017544217,0.36969696969697,42.1081798801386,0.342106412917206
"AT-Neu","P_detrend","Fall",-0.609339649600509,0.228488375963966,151.865,11,-0.39558878598839,-0.272727272727273,82.5103420135474,0.471562437812981
"BE-Bra","P_detrend","Fall",-0.0676308481480986,0.540392635279544,211.987,19,-0.149827928656349,-0.0754385964912281,45.1412731172453,0.1082424070329
"BE-Dor","P_detrend","Fall",-0.0224278003007881,0.951127125400541,171.788,9,-0.0240019360200914,-0.15,53.6467653665238,0.353074419418241
"BE-Vie","P_detrend","Fall",-0.202216760913108,0.0314486501720643,217.902,23,-0.44940322979592,-0.215415019762846,33.5952345785544,0.0877167950101008
"CA-Ca1","P_detrend","Fall",-0.0105811564651159,0.931143867532313,396.172,7,-0.0405930462334774,-0.285714285714286,20.9490208378712,0.116476518620771
"CA-Ca2","P_detrend","Fall",0.0720925139002551,0.711146112037507,477.839,6,0.195042500058637,0.257142857142857,68.1873139581296,0.181262960952874
"CA-Ca3","P_detrend","Fall",0.019688155541367,0.824838706394814,559.177,9,0.0865200022342068,0.183333333333333,33.3113002710848,0.0856856062353901
"CA-Cbo","P_detrend","Fall",-0.0864110351764082,0.759165508560907,253.2785,14,-0.0901765854728123,-0.0373626373626374,55.0860777513537,0.275493767219413
"CA-Gro","P_detrend","Fall",0.0438401346691212,0.865441883981973,246.17,10,0.06174716774639,-0.0424242424242424,36.5179291102157,0.250541885664224
"CA-Man","P_detrend","Fall",0.131737331198533,0.522993765981362,66.499,11,0.216276507502912,0.218181818181818,17.6588963015212,0.198232952866257
"CA-Oas","P_detrend","Fall",-0.131904028159072,0.497295750829128,108.915,14,-0.198059396776799,-0.261538461538461,33.3268188488372,0.188443976397935
"CA-Obs","P_detrend","Fall",-0.075801690951647,0.603221916265886,107.989,11,-0.176710655352007,-0.118181818181818,16.5514334871466,0.140736255544182
"CA-Qfo","P_detrend","Fall",0.168343160039841,0.0980289617401138,266.1565,6,0.73211868734834,0.6,12.4314860887991,0.0783148318853319
"CA-TP1","P_detrend","Fall",0.0679678159172315,0.583619986755546,266.5515,6,0.285329875672919,0.0285714285714286,14.7517985061112,0.114152699582066
"CA-TP3","P_detrend","Fall",0.155470312178794,0.200643975608373,299.8095,8,0.506105857252238,0.619047619047619,18.6229440853829,0.108162114420559
"CA-TP4","P_detrend","Fall",-0.0669367457308294,0.514219279194209,266.109,15,-0.182852560865454,-0.275,24.9183939934287,0.0998176613424504
"CA-WP1","P_detrend","Fall",0.0343800005335589,0.619377644384081,80.328,5,0.30367426369092,0.2,2.71069954409231,0.0622770502646309
"CH-Aws","P_detrend","Fall",-0.333059150394972,0.43863485156765,368.346,5,-0.457384867137042,-0.6,52.5259444989315,0.373862606535959
"CH-Cha","P_detrend","Fall",0.0518782516548661,0.89094555259657,225.48,13,0.0422695044227458,0.0384615384615385,69.3129082661465,0.36972047853538
"CH-Dav","P_detrend","Fall",0.150592804543315,0.242385688914208,187.6495,22,0.260104967126903,0.203839638622247,41.0720874947416,0.125005463679453
"CH-Fru","P_detrend","Fall",-0.132945904672947,0.336933542864726,327.436,12,-0.303874462505234,-0.188811188811189,45.6660936119268,0.131808201075729
"CH-Lae","P_detrend","Fall",0.49017846122653,0.14627223971985,167.718,15,0.393924196562244,0.267857142857143,73.614511703734,0.317214434694759
"CH-Oe1","P_detrend","Fall",0.202751526880702,0.110521090266518,275.0025,6,0.714648072622236,0.828571428571429,29.2636014407218,0.0992247044516828
"CZ-BK1","P_detrend","Fall",-0.100956785817162,0.266851443577894,273.3275,16,-0.295291087002098,-0.226470588235294,38.0474365924382,0.0872990926372822
"CZ-Lnz","P_detrend","Fall",-0.778256378208943,0.625678518422279,123.387,5,-0.298484764317599,-0.5,50.6945443975918,1.43673567611961
"CZ-RAJ","P_detrend","Fall",0.627909334573528,0.00516897311132396,153.6655,8,0.868234887563788,0.857142857142857,13.0757451719957,0.146487321764351
"CZ-Stn","P_detrend","Fall",-0.512629553475449,0.122716740388339,182.2785,10,-0.520794927837277,-0.406060606060606,37.2669571498163,0.297089929978093
"CZ-wet","P_detrend","Fall",-0.254184567781994,0.459605522023182,116.406,13,-0.225127965509466,-0.423076923076923,33.4933657679838,0.331687504603504
"DE-Gri","P_detrend","Fall",-0.162726453663141,0.604794583387976,1.77635683940025e-12,16,-0.140103217618117,-0.120588235294118,56.9642771771406,0.30735570605375
"DE-Hai","P_detrend","Fall",0.127001868008631,0.5617808297226,175.472,21,0.134255097591567,0.0597402597402597,50.9441278885197,0.215056644437821
"DE-HoH","P_detrend","Fall",1.07752895043037,0.0733991954239277,124.296,5,0.842260727141144,0.8,29.4562890384918,0.398168806493148
"DE-Hte","P_detrend","Fall",-0.783601875464375,0.0371654948421375,106.561,7,-0.783423508185792,-0.892857142857143,32.8961362254978,0.278001261149734
"DE-Hzd","P_detrend","Fall",1.53118044640975,0.174830979627401,144.314,8,0.531895762344411,0.666666666666667,90.4274610352454,0.995199416468731
"DE-Lnf","P_detrend","Fall",-0.694991862886135,0.192258252212224,86.487,7,-0.558781819168874,-0.571428571428571,36.3817307572476,0.461287637973455
"DE-Obe","P_detrend","Fall",-0.0610164940623671,0.816948045757201,234.326,12,-0.0749413692000112,-0.0979020979020979,53.9769067603157,0.256745384303272
"DE-RuR","P_detrend","Fall",0.118748871891858,0.662673810478525,201.9,9,0.169597311000789,0.15,37.6505365874108,0.260809895046094
"DE-RuW","P_detrend","Fall",0.356901918463114,0.163441126728091,233.788,7,0.589720362247501,0.571428571428571,31.2093913110889,0.218583867992067
"DE-Tha","P_detrend","Fall",0.0212807450741608,0.890124164316981,195.896,23,0.0304999333944727,0.0681818181818182,39.2532984175594,0.15218652361716
"DK-Sor","P_detrend","Fall",-0.122095038417327,0.200883658993483,215.1865,24,-0.270625074835342,-0.222608695652174,31.3730121765801,0.0925982473885537
"ES-Abr","P_detrend","Fall",0.92494715037742,0.0869709744885188,113.387,5,0.823010822176845,0.8,23.6806022541299,0.368568932427867
"ES-Agu","P_detrend","Fall",-0.298585185809979,0.514177020934355,125.8185,10,-0.234577999098675,-0.0181818181818182,59.1694452348024,0.437467428006207
"ES-LJu","P_detrend","Fall",-0.00680238492118761,0.928781071927258,160.4025,12,-0.0289721555014283,0.265734265734266,17.6903786122982,0.074216086370702
"ES-LM1","P_detrend","Fall",0.360065529682424,0.0495288845919324,265.813,7,0.755476421753783,0.75,23.6350240215495,0.139647608147296
"ES-LM2","P_detrend","Fall",0.295392190542867,0.0148231062612791,246.385,7,0.852399540379697,0.678571428571428,13.1650771485174,0.0810367448495662
"FI-Hyy","P_detrend","Fall",-0.00260308487595203,0.965484361191249,172.744,22,-0.00979743373315295,-0.00169395821569735,15.5429728347632,0.0594073460787757
"FI-Let","P_detrend","Fall",0.0469602960799753,0.880252434003435,175.776,11,0.0515932338800755,0.00909090909090909,39.1994626291268,0.302996794971435
"FI-Sod","P_detrend","Fall",-0.0534043832644854,0.535514016472972,143.015,13,-0.189363168409116,-0.0494505494505495,9.144234139539,0.0834940367360899
"FI-Var","P_detrend","Fall",0.0132840368865168,0.973462113743997,124.856,5,0.0208443166499877,0.2,7.60816951813666,0.367864107396673
"FR-Bil","P_detrend","Fall",-0.0715309249112461,0.770474331946786,174.958,6,-0.154240239788386,0.257142857142857,67.9365254235969,0.22910668834845
"FR-FBn","P_detrend","Fall",0.310806765785982,0.0989535992695779,301.169,11,0.522773419143834,0.554545454545455,47.4711843825677,0.168941236438096
"FR-Fon","P_detrend","Fall",0.23194311281341,0.267552125301255,152.461,14,0.318197623134344,0.301098901098901,29.6142210529739,0.199486469673103
"FR-Hes","P_detrend","Fall",0.0606945564445049,0.889478264370902,184.423,7,0.0652414357283112,0.0714285714285714,54.8396576292221,0.415159501797863
"FR-Pue","P_detrend","Fall",-0.0597329031768577,0.484888897026847,338.8845,14,-0.203690711594011,-0.257142857142857,47.9726788470922,0.0828800720772282
"IL-Yat","P_detrend","Fall",0.239176576104509,0.0613832661484626,26.946,18,0.449338669734913,0.302373581011352,10.9918281564308,0.11888090090688
"IT-Col","P_detrend","Fall",0.195021640193017,0.263158960178909,360.119,12,0.351077411236997,0.41958041958042,58.768666163581,0.164481281092118
"IT-Cpz","P_detrend","Fall",0.781755325567121,0.215713553915748,258.078,7,0.535229178335477,0.428571428571428,63.2728987938618,0.551762398252024
"IT-Lav","P_detrend","Fall",0.0776104040418221,0.533559484599368,353.864,16,0.168172253218848,0.129411764705882,58.1724604617049,0.121582684491791
"IT-Lsn","P_detrend","Fall",-0.168264556432197,0.379392848713599,309.11,5,-0.510566099722877,-0.1,20.8287919379765,0.163605135849823
"IT-MBo","P_detrend","Fall",-0.0399032854153916,0.654337019998024,282.402,17,-0.11714163138284,-0.257352941176471,48.952277659269,0.0873476840149632
"IT-Noe","P_detrend","Fall",0.382403861272819,0.289633646330719,211.0905,10,0.372131775484282,0.296969696969697,58.2559857552295,0.337219502634078
"IT-Ren","P_detrend","Fall",-0.00875377660877881,0.93903183380984,245.462,20,-0.0182785790192765,0.0526315789473684,47.007654605941,0.112861083146185
"IT-Ro1","P_detrend","Fall",0.155141740625769,0.65797619501703,318.791,7,0.205798945332924,0.178571428571429,67.8811681505125,0.329915858877121
"IT-Ro2","P_detrend","Fall",-0.0775620277584299,0.629793331268439,328.2725,10,-0.174450107963644,-0.0909090909090909,61.7084052680482,0.154782503614331
"IT-SR2","P_detrend","Fall",0.230904268070541,0.125895638754396,371.579,8,0.58721350565657,0.690476190476191,34.4652733797543,0.129939357384693
"IT-SRo","P_detrend","Fall",0.0119600212582938,0.925202805491046,417.77,13,0.0289502031142792,0.197802197802198,70.4664389531968,0.124509337822711
"IT-Tor","P_detrend","Fall",0.250179138928616,0.220009435329171,233.558,11,0.402269067007913,0.336363636363636,40.2518772682967,0.189793678491809
"NL-Hor","P_detrend","Fall",0.119985260002401,0.815119476034569,290.44,6,0.123887495679543,0.0857142857142857,33.5875468065835,0.480520351792702
"NL-Loo","P_detrend","Fall",-0.0819818710924717,0.272275471304439,185.163,20,-0.25790786686575,0.0481203007518797,27.7844927806256,0.0723886228516664
"RU-Fy2","P_detrend","Fall",0.134125370765563,0.727464763759529,114.399,5,0.215733972878191,0.3,28.9072397845703,0.350495740600796
"RU-Fyo","P_detrend","Fall",0.424172749309227,0.12527943591269,144.41,21,0.345281866459686,0.376623376623377,30.1602362620616,0.264500210456579
"SE-Deg","P_detrend","Fall",-0.00286297805733981,0.908577452731988,130.038,19,-0.0282577962877124,0.107017543859649,5.83862166329706,0.0245630225451089
"SE-Htm","P_detrend","Fall",0.467822075059733,0.176595055101301,249.5965,6,0.633804956461302,0.542857142857143,27.440238701527,0.285464047814304
"SE-Nor","P_detrend","Fall",0.0509602560120335,0.555820037554163,158.29,7,0.271543075656961,0.142857142857143,8.47978230132027,0.08077469795531
"SE-Ros","P_detrend","Fall",-0.153237244814758,0.0962067597892638,134.405,6,-0.734747699610867,-0.542857142857143,10.7346544030119,0.0707365450150012
"SE-Svb","P_detrend","Fall",-0.0649055671901703,0.580911910677488,131.749,5,-0.335559233415253,-0.2,13.8714886927194,0.105199055562367
"US-Bar","P_detrend","Fall",-0.0723498567389414,0.68656927993363,9.66338120633736e-13,13,-0.123973144284797,-0.164835164835165,36.1705820602244,0.174602474411838
"US-Blo","P_detrend","Fall",-0.517358988930439,0.226236190772418,223.261,7,-0.525061167782468,-0.607142857142857,67.117420034827,0.375024437542598
"US-Dk2","P_detrend","Fall",0.229797287380184,0.268292176456073,253.179,7,0.486467707789008,0.5,33.3487194997717,0.184572713738862
"US-Dk3","P_detrend","Fall",0.240153527915262,0.185099598787739,254.805,7,0.566242886773169,0.75,28.232539522761,0.156334226829417
"US-Fmf","P_detrend","Fall",0.321424484811256,0.212252592759398,166.32,5,0.673915815790676,0.6,23.3383009907302,0.203443750885679
"US-Fuf","P_detrend","Fall",1.45618095402891,0.0929110082112299,158.972,5,0.814881097983908,0.9,49.4857935993387,0.598012065862006
"US-GLE","P_detrend","Fall",-0.0154755911539018,0.942700792113001,298.5145,10,-0.0262119254801242,-0.0666666666666667,43.4929959025035,0.20866714980023
"US-Ha1","P_detrend","Fall",0.00162648106300448,0.983203901049116,344.92,21,0.00489364883356599,-0.025974025974026,33.1229100568271,0.0762490099748525
"US-Ho1","P_detrend","Fall",-0.400279395025966,0.393751350763587,241.615,6,-0.430820008358034,-0.314285714285714,25.5054364821873,0.419232254915628
"US-IB2","P_detrend","Fall",-0.333383338008336,0.139100092793178,226.411,7,-0.618035509532487,-0.392857142857143,32.7215842998564,0.189649184469626
"US-KFS","P_detrend","Fall",-0.517026502647716,0.555674382106144,134.227,9,-0.22772026718204,-0.233333333333333,76.7576136976766,0.835601348607605
"US-Los","P_detrend","Fall",0.056085001579351,0.715386903490229,201.729,7,0.170101120916915,0.285714285714286,16.232228029907,0.145304426762121
"US-Me2","P_detrend","Fall",0.0137171901680191,0.955222352710903,142.095,12,0.0182034016385079,-0.041958041958042,44.7162354538349,0.23825424179782
"US-Me3","P_detrend","Fall",-0.312464727158119,0.271660629852582,110.396,5,-0.612936649205875,-0.7,16.4904921296134,0.232554347356591
"US-MMS","P_detrend","Fall",0.0148540868010293,0.935690016218672,271.848,19,0.0198575152005158,-0.112280701754386,53.6138020427232,0.18138900164763
"US-Mpj","P_detrend","Fall",0.45249890401196,0.41685291291053,109.0745,10,0.289693576743403,0.515151515151515,51.0886731768753,0.528566715623108
"US-NR1","P_detrend","Fall",-0.0113688004197352,0.913853377871327,118.608,15,-0.0305783701845216,-0.0357142857142857,23.9284370969069,0.103068391094435
"US-Oho","P_detrend","Fall",-0.236181927689341,0.317552337281928,171.375,10,-0.352660137189443,-0.0424242424242424,50.9402123242109,0.221567378252355
"US-PFa","P_detrend","Fall",0.186160399358248,0.248883130568552,151.775,17,0.295878574075686,0.257352941176471,33.5431501227152,0.15517940771941
"US-Prr","P_detrend","Fall",0.0599909511374247,0.487789445273468,73.767,5,0.414483355224592,0.3,5.8555605055905,0.0760477849330545
"US-Seg","P_detrend","Fall",0.724933957857342,0.197458417707187,55.576,11,0.420813322143917,0.527272727272727,39.4367588716372,0.520913365919289
"US-Ses","P_detrend","Fall",1.1037489085775,0.0266927649807611,68.336,11,0.661336395797014,0.618181818181818,31.3658857776577,0.417291617721281
"US-SRC","P_detrend","Fall",0.34662290232304,0.69009161179585,52.037,6,0.20967843272327,0.0285714285714286,24.233000835584,0.808184250055432
"US-SRG","P_detrend","Fall",0.856070114876332,0.0335327970036986,88.5005,10,0.671364396503713,0.745454545454545,41.7438322177831,0.334117263508812
"US-SRM","P_detrend","Fall",0.532091293428375,0.301157990932469,-3.62376795237651e-13,11,0.343403897369422,0.409090909090909,33.8184481756524,0.485078616677122
"US-Syv","P_detrend","Fall",0.156920637532594,0.702624777494374,182.085,5,0.235760583398246,0.1,30.7804626344433,0.373447988813151
"US-Ton","P_detrend","Fall",0.4549870237473,0.163894737084653,74.445,13,0.410181350235582,0.450549450549451,44.4732298380157,0.305016611081312
"US-Tw1","P_detrend","Fall",-1.65126720118736,0.0640953767174884,68.661,6,-0.785474585448713,-0.6,40.8717550365316,0.650536146281084
"US-Uaf","P_detrend","Fall",1.30253822525379,0.273980032273934,-2.18491891246231e-13,14,0.314176916948213,0.032967032967033,88.9908754457462,1.13620984268934
"US-UMB","P_detrend","Fall",-0.162303381215398,0.481118346470558,220.073,11,-0.237927242647486,-0.318181818181818,35.1837824959095,0.220855347786436
"US-UMd","P_detrend","Fall",-0.0612607376838574,0.825679152523856,218.0965,10,-0.08020345846179,-0.0545454545454545,29.1682633214191,0.2691800072929
"US-Var","P_detrend","Fall",0.103920764674316,0.535804540984546,76.841,14,0.180977601467998,0.287912087912088,28.900452468075,0.163025523122939
"US-Vcp","P_detrend","Fall",0.164440062506471,0.368976775520261,96.9265,10,0.318993840139581,0.272727272727273,27.9043724476379,0.17273376796067
"US-WCr","P_detrend","Fall",0.304732916153802,0.0917437376194861,165.0625,12,0.508018508409137,0.706293706293706,32.2416794310463,0.163387019698704
"US-Whs","P_detrend","Fall",1.2264359080992,0.0151232521137038,1.74793512996985e-12,7,0.85116995722783,0.321428571428571,21.8503375572393,0.338229916905409
"US-Wjs","P_detrend","Fall",0.831164330962371,0.0190094446745226,104.0285,10,0.719421515249445,0.660606060606061,24.368053894754,0.283711436845703
"US-Wkg","P_detrend","Fall",1.15986168794931,0.021713375594792,1.74704695155015e-12,10,0.708914543648376,0.442424242424242,32.2332525965098,0.407978944519081
