"SITE_ID","SITE_LON","SITE_LAT","TC_LON","TC_LAT","TC_LON_IND","TC_LAT_IND","aet_01","aet_02","aet_03","aet_04","aet_05","aet_06","aet_07","aet_08","aet_09","aet_10","aet_11","aet_12","def_01","def_02","def_03","def_04","def_05","def_06","def_07","def_08","def_09","def_10","def_11","def_12","pet_01","pet_02","pet_03","pet_04","pet_05","pet_06","pet_07","pet_08","pet_09","pet_10","pet_11","pet_12","ppt_01","ppt_02","ppt_03","ppt_04","ppt_05","ppt_06","ppt_07","ppt_08","ppt_09","ppt_10","ppt_11","ppt_12","q_01","q_02","q_03","q_04","q_05","q_06","q_07","q_08","q_09","q_10","q_11","q_12","soil_01","soil_02","soil_03","soil_04","soil_05","soil_06","soil_07","soil_08","soil_09","soil_10","soil_11","soil_12","srad_01","srad_02","srad_03","srad_04","srad_05","srad_06","srad_07","srad_08","srad_09","srad_10","srad_11","srad_12","swe_01","swe_02","swe_03","swe_04","swe_05","swe_06","swe_07","swe_08","swe_09","swe_10","swe_11","swe_12","tmax_01","tmax_02","tmax_03","tmax_04","tmax_05","tmax_06","tmax_07","tmax_08","tmax_09","tmax_10","tmax_11","tmax_12","tmin_01","tmin_02","tmin_03","tmin_04","tmin_05","tmin_06","tmin_07","tmin_08","tmin_09","tmin_10","tmin_11","tmin_12","vap_01","vap_02","vap_03","vap_04","vap_05","vap_06","vap_07","vap_08","vap_09","vap_10","vap_11","vap_12","vpd_01","vpd_02","vpd_03","vpd_04","vpd_05","vpd_06","vpd_07","vpd_08","vpd_09","vpd_10","vpd_11","vpd_12","ws_01","ws_02","ws_03","ws_04","ws_05","ws_06","ws_07","ws_08","ws_09","ws_10","ws_11","ws_12"
"AT-Neu",11.3175,47.11667,11.3125,47.1041666666667,4592,1030,0.3,2.5,16.6,56.2,79.1,96.3,104.8,89.5,61.2,39.3,9.7,0.5,0,0,0,1.3,8.3,2.7,4.3,3.2,3.6,1.6,0,0,0.3,2.5,16.6,57.4,87.4,99,109.1,92.6,64.7,40.8,9.7,0.5,43.3,41.4,64,62.9,98.5,130.3,139.1,134.5,92.3,71.6,66.2,56.2,3.1,16,66,124,29.5,32.4,34.3,44.3,32.4,31.8,28.7,2.4,21.3,21.3,21.4,20.4,17.2,18.9,18.8,19.6,18.4,18.9,20.7,21.3,55.9,91.7,137.8,188.4,215.7,230.7,227.6,195.5,153.1,107.1,60.6,44.6,119.2,142,123.2,6.9,0,0,0,0,0,0,26,78.8,0.7,1.7,4.9,8.8,13.9,16.9,19.6,18.7,15,10.8,4.4,0.9,-7.2,-6.7,-3.9,-0.5,4,6.9,9.2,9.1,6,2.5,-2.5,-6,0.37,0.36,0.45,0.57,0.78,0.99,1.13,1.15,0.94,0.71,0.5,0.38,0.14,0.18,0.22,0.29,0.43,0.49,0.61,0.52,0.4,0.31,0.18,0.15,2.3,2.3,2.5,2.5,2.5,2.4,2.2,2.1,2.2,2.1,2.3,2.2
"BE-Bra",4.51984,51.30761,4.52083333333334,51.3125,4429,929,16.9,19.8,40.6,57.1,74.6,74.9,74.7,68.2,56,39.1,20,14.3,0,0.1,1.6,10.6,23.5,31.6,38.8,31,8.5,0.6,0,0,16.9,19.9,42.2,67.7,98.1,106.6,113.6,99.3,64.6,39.8,20,14.3,71.2,57.6,64.3,48.4,62.1,73,78.7,73.9,77.3,78.5,76.9,78.8,50.4,39.5,31.6,7.2,4,3.7,4.4,5,11.9,21.4,45.2,58.4,66.4,66.2,63.7,48,31.4,25.8,25.3,26,35.3,53.3,64.9,66.4,29.4,54.7,97.8,157.8,197.1,210.8,203.2,174.9,124,75.2,35.7,22.6,6.9,5.5,0.1,0,0,0,0,0,0,0,0,4.5,6.2,6.6,10.4,13.9,18.5,21.2,23.3,22.9,19.5,14.9,9.5,6.5,1,0.7,3.3,5.6,9.3,11.8,14,13.8,11.1,7.9,4.3,1.8,0.67,0.65,0.77,0.85,1.09,1.34,1.53,1.54,1.36,1.11,0.87,0.72,0.14,0.17,0.26,0.41,0.57,0.63,0.72,0.66,0.44,0.28,0.15,0.12,4.8,4.4,4.5,3.7,3.7,3.5,3.3,3.3,3.4,3.8,3.8,4.1
"BE-Dor",4.968591,50.31135,4.97916666666666,50.3125,4440,953,11.2,15.8,39.6,59.1,78.7,80,78.5,75.5,54.4,37.8,19.2,14.2,0,0.1,1.3,7.6,13.4,22.1,33.3,22.9,9.4,1,0,0,11.2,15.9,40.8,66.6,92.1,102.2,111.7,98.4,63.7,38.8,19.2,14.2,73.5,65.2,66.8,60.4,72.8,78.5,79.4,89.2,68.3,74.2,76.9,78.8,53.2,49.3,43.3,13.5,7.7,6.2,5.9,8.5,7.3,23.2,44.6,55.3,69,68.8,66.8,55.6,41.9,34.1,29.1,34.3,40.9,54.1,66.9,68.9,31.5,57.9,105.5,163.5,201.8,218.8,213.4,177.4,130.2,79.4,37,24.4,14.7,15,0.9,0,0,0,0,0,0,0,0.3,7.6,4.7,5.5,9.8,13.5,17.8,20.5,22.6,22.4,18.8,14.2,8.4,5.2,-0.5,-0.5,1.7,3.8,7.5,10.1,12.5,12.5,9.5,6.6,3.1,0.6,0.63,0.61,0.72,0.8,1.06,1.29,1.45,1.43,1.29,1.05,0.81,0.64,0.1,0.16,0.24,0.38,0.5,0.55,0.67,0.66,0.41,0.26,0.14,0.12,4.5,4.2,4.3,3.6,3.4,3.1,3.1,3.1,3.3,3.8,3.9,4.2
"BE-Vie",5.99812,50.30493,5.97916666666666,50.3125,4464,953,7.2,10.5,34.3,59.6,81.2,86.7,87.9,77.9,55.7,35.7,16,8.5,0,0,0.2,3,9.6,13.4,21.2,16,4.3,0.3,0,0,7.2,10.5,34.5,62.6,90.8,100.1,109.1,93.9,60,36,16,8.5,114.8,90,96.7,76.4,85.1,88,94.5,93.5,88.5,96.7,104.3,115.8,74.8,68.8,118.5,36.2,14.1,13.4,10.4,13,21.9,47.1,81.1,82,65.9,65.9,65.5,61.3,51.2,39,35.1,37.8,48.7,62.6,65.9,65.9,33,60.3,106.2,163.5,201.9,219.6,211.4,177.5,132.6,79.8,38.1,25.9,60.2,70.9,15.1,0,0,0,0,0,0,0,3.9,29.1,2.7,3.6,7.7,11.5,16.1,18.9,20.9,20.4,16.6,12.1,6.5,3.3,-1.6,-1.7,0.5,2.9,7.2,9.6,12.1,11.8,8.7,5.5,1.9,-0.6,0.57,0.55,0.65,0.73,0.97,1.19,1.35,1.34,1.18,0.95,0.73,0.59,0.09,0.13,0.2,0.34,0.47,0.51,0.61,0.56,0.34,0.21,0.11,0.09,4.9,4.6,4.5,3.8,3.7,3.4,3.4,3.3,3.6,4.2,4.2,4.5
"CA-Ca1",-125.3336,49.8673,-125.354166666667,49.8541666666667,1312,964,7.9,15.7,36.8,57.8,74.6,80.1,71.2,60,52.2,37.7,17.9,6.8,0,0,0,0.8,9.9,17.3,45.2,42,15.2,0,0,0,7.9,15.7,36.8,58.7,84.5,97.4,116.4,102,67.4,37.7,17.9,6.8,255.8,158.2,153.8,111,68.6,63.3,39.5,49.9,57.3,207.6,296.2,228.8,208.7,210.7,166.6,62.7,10.7,5.1,2,2.5,2.9,97.8,261,139.1,130.8,130.8,130.8,129.4,112.7,90.9,57.1,44.5,46.8,118.8,130.8,130.8,32.5,70.6,108.3,164.5,213.9,229.7,237.5,197.7,145,75.3,38.5,27.2,126.2,57.9,8.3,0.1,0,0,0,0,0,0,5.3,88.1,4.2,5.6,7.5,10.4,14,17.3,21,21.5,17.9,12,6.7,3.5,-1.7,-1.3,0,1.8,4.8,7.7,10.2,10.5,7.5,4.4,0.8,-2.2,0.57,0.54,0.59,0.67,0.85,1.04,1.2,1.21,1.06,0.84,0.66,0.53,0.12,0.2,0.24,0.31,0.39,0.48,0.68,0.71,0.5,0.29,0.16,0.13,3,2.7,3,3,2.9,2.9,2.9,2.5,2.4,2.7,2.9,2.8
"CA-Ca2",-125.2909,49.8705,-125.270833333333,49.8541666666667,1314,964,11.9,19.8,41.4,62,78,81.1,67.5,56,50.2,37.8,19.1,11.2,0,0,0.1,1.3,12.5,22.5,54.7,50.2,19,0,0,0,11.9,19.8,41.4,63.3,90.5,103.6,122.2,106.1,69.2,37.8,19.1,11.2,239.7,144.8,150.8,100.8,65.7,57.6,37.6,45,54.4,185.5,275.2,227,230.9,152,120.1,41.3,8.5,3.2,1.9,2.2,2.7,70.2,237.9,177.1,133.5,133.5,133.4,131.3,110.5,83.8,52,38.7,40.2,117.7,133.5,133.5,32.4,70.1,108.6,165.3,214.4,231.5,239.5,199.4,145.9,75.2,38.1,26.8,38,11,0.4,0,0,0,0,0,0,0,2.5,41.2,5.5,6.9,9.3,12.2,16,19.1,22.5,22.9,19.2,13.2,8,4.8,-0.5,-0.4,1,3.1,6.1,9,11.3,11.2,8.3,5,1.7,-0.8,0.62,0.59,0.65,0.74,0.93,1.14,1.31,1.33,1.16,0.92,0.73,0.59,0.13,0.21,0.27,0.36,0.45,0.55,0.73,0.75,0.51,0.28,0.16,0.14,3.2,2.8,3.2,3.2,3.1,3.1,3.1,2.7,2.6,2.9,3.2,3
"CA-Ca3",-124.9004,49.5346,-124.895833333333,49.5208333333333,1323,972,12,19.1,41.9,61.9,77,78.3,66.4,54.1,48.3,39,19.2,10.4,0,0,0,1.4,13.6,24.3,55.5,52.1,21.8,0.4,0,0,12,19.1,41.9,63.3,90.7,102.7,121.9,106.2,70,39.3,19.2,10.4,254,150.4,154.5,105.5,61.3,50.1,28.4,39.3,49.3,170.9,275.6,232.5,246,159.6,126.4,46.4,7.2,2.6,1.4,2,2.5,44,228.3,177.4,159.6,159.6,159.6,157.2,134.3,103.4,64,47.2,45.8,133.7,159.6,159.6,32.5,71.4,109.8,166.2,216.6,233.1,243,202.7,148.8,77,39.1,27.1,42.7,14.3,0.5,0,0,0,0,0,0,0,2.2,46.8,5.2,6.6,9.3,12.3,16,18.9,22.4,22.8,19.3,13.4,7.9,4.4,-0.2,-0.4,1.2,3.1,6.1,9,11.2,11,8.3,5.3,2.1,-0.8,0.63,0.6,0.66,0.76,0.95,1.16,1.33,1.34,1.18,0.94,0.75,0.59,0.12,0.19,0.26,0.34,0.44,0.52,0.7,0.7,0.49,0.28,0.15,0.12,3.5,3.1,3.5,3.4,3.4,3.3,3.3,2.9,2.8,3.2,3.5,3.4
"CA-Cbo",-79.9333,44.3167,-79.9375,44.3125,2402,1097,0,0,2.3,62.5,89.4,93.7,91.9,84.2,73.6,51.4,24.2,1.1,0,0,0,0,9.7,22.5,40.9,31,9.6,1.8,0,0,0,0,2.3,62.5,99.1,116.2,132.8,115.2,83.1,53.2,24.2,1.1,72.2,56.5,50.4,59.9,78.9,79.5,77.1,82.4,88.2,76.4,88.5,74.5,0.3,0,12.4,223.1,12.8,5.8,3.8,4.1,7.6,8.7,25.4,6.7,88.6,88.6,89.4,92.5,75.9,55.9,37.2,31.4,38.4,54.6,87.7,88.3,59.5,99.5,149.3,188.1,224.3,249.6,249.2,211.9,161,98.8,56.1,46.2,144.1,200.6,235.5,6.7,0,0,0,0,0,0,5.7,71.8,-2.9,-2.3,2.2,10.7,17.6,23,26.1,25.4,21.7,14.3,7.1,0.6,-11.3,-11.4,-7.3,-0.5,5.4,10.8,13.8,13.5,9.7,3.7,-0.6,-6.6,0.34,0.32,0.42,0.62,0.94,1.44,1.71,1.71,1.37,0.89,0.63,0.42,0.04,0.07,0.13,0.33,0.53,0.64,0.79,0.7,0.55,0.33,0.17,0.09,4.4,4.3,4,4.3,3.8,3.1,3.1,3.1,3.4,4.1,4.5,4.9
"CA-Gro",-82.1556,48.2167,-82.1458333333333,48.2291666666667,2349,1003,0,0,0,32.8,91.6,92.3,85.9,76,58.7,36.3,0.8,0,0,0,0,0,5,21.3,29.2,18.4,2.6,0.3,0,0,0,0,0,32.8,96.6,113.6,115.2,94.4,61.3,36.6,0.8,0,36.4,39.5,39.4,48.6,70,77.2,81,80.4,89.1,70.4,63,46.7,0,0,0,104.7,111.8,7,4.6,6.2,10.6,18.9,3.6,0,60.8,60.8,60.8,67.4,58.9,37.2,27.7,25.8,45.6,60.6,60.8,60.8,52.6,92.2,150.8,190.9,227.1,243,233.4,194.6,139,80.2,43.7,37.3,141.8,181.4,220.8,125.3,0.4,0,0,0,0,0.2,58.5,105.2,-9.4,-6.2,0,8,16.1,21.7,23.3,22.1,17.6,9.9,1.4,-5.6,-23.1,-21.4,-15.6,-5.1,1.5,7.3,9.6,8.3,5.4,-0.3,-7,-17.2,0.19,0.22,0.29,0.46,0.75,1.16,1.44,1.41,1.14,0.7,0.46,0.29,0.02,0.04,0.11,0.29,0.52,0.66,0.61,0.48,0.33,0.22,0.06,0.01,3.6,3.8,3.8,3.8,3.8,3.3,3,3.1,3.5,3.7,3.9,3.7
"CA-Man",-98.48081,55.87962,-98.4791666666667,55.8958333333333,1957,819,0,0,0,10.1,84.2,90.8,87.6,72.8,46.7,12,0,0,0,0,0,0,0.3,25.1,32.7,22.3,6.3,0.3,0,0,0,0,0,10.1,84.5,116,120.4,95,53,12.4,0,0,21.7,16.7,19.1,25.8,47.9,63,90.7,79.7,63.5,39.4,28.9,24.2,0,0,0,17.1,65.8,6.2,7.1,8.5,9.8,3.1,0,0,34.8,34.8,34.8,37.3,50.9,26,21.9,20.4,27.4,34.8,34.8,34.8,33.4,79,144.5,208.2,242.4,257.3,233.7,186.5,115.9,63.5,34.1,22.7,92.8,109.6,128.7,124.8,9.1,0,0,0,0,16.9,45.8,70,-18.5,-14.7,-6.1,3.9,12.1,19.3,22.6,20.8,13.8,4.8,-6.8,-16,-28.5,-26.6,-20.1,-8.8,-0.7,6,9.9,8.8,3.4,-3.1,-14.9,-25.6,0.11,0.12,0.2,0.35,0.56,0.94,1.28,1.26,0.88,0.53,0.26,0.15,0,0.02,0.06,0.22,0.44,0.66,0.71,0.55,0.31,0.15,0.03,0,3.5,3.5,3.7,4.1,4,3.9,3.5,3.6,3.9,3.8,3.6,3.4
"CA-Oas",-106.19779,53.62889,-106.1875,53.6458333333333,1772,873,0,0,0,44.7,85.1,81,88.9,66,48.8,22.3,0,0,0,0,0,0,22.9,37.8,37.3,43.9,19.4,7.6,0,0,0,0,0,44.7,107.9,118.8,126.2,109.9,68.2,29.9,0,0,16.8,12.8,21.8,30,46.2,67.5,85.6,65.3,59.4,31.8,20.1,19.9,0,0,0,13.4,8.3,3.4,4.3,3.3,3.2,1.6,0,0,41.2,41.2,41.2,72.6,60.9,44.1,36.5,32.6,40,43.6,43.7,43.7,41.1,81.4,145.5,203.9,240.6,252.4,254.5,210.3,139.8,82.2,42.8,30.3,60.3,73.1,94.9,35.5,0,0,0,0,0,4.3,24.3,44.2,-10.7,-7.3,-1.3,8.5,16,20.7,23.4,22.6,16.6,8.3,-2.6,-10,-22.1,-19.6,-13.7,-3.8,2.2,7.8,10.5,9.4,3.9,-2.6,-11.5,-20.2,0.2,0.2,0.31,0.46,0.65,1.06,1.39,1.27,0.9,0.55,0.34,0.21,0.01,0.05,0.09,0.34,0.63,0.7,0.7,0.71,0.46,0.26,0.05,0.01,3.1,3.1,3.5,3.6,3.8,3.4,3.1,3.2,3.5,3.5,3.3,3
"CA-Obs",-105.11779,53.98717,-105.104166666667,53.9791666666667,1798,865,0,0,0,28.5,88.9,86.8,92.1,65.6,46,19.8,0,0,0,0,0,0,10.5,27.6,33.1,39.6,17.6,5.1,0,0,0,0,0,28.5,99.5,114.5,125.2,105.1,63.6,24.8,0,0,20.1,14.1,18.1,26.5,46.6,75.2,92.4,61.8,52.9,33.7,20.7,21.5,0,0,0,15.9,19.4,4.3,5.7,3.1,3.4,1.7,0,0,34.3,34.3,34.3,51.5,55.5,39.9,34.5,27.7,31.2,36.2,36.2,36.2,40.3,80.5,146.4,204.9,240.2,249.8,251,205.4,137,79.3,40.9,28.8,68.9,82.9,101.1,65.9,0.3,0,0,0,0,7.2,27.9,49.4,-12.6,-8.9,-2,7,14.3,19.8,23.1,21.8,15.4,7.1,-3.6,-11.3,-23.6,-20.8,-14.2,-5,1.1,7.3,10.8,9.2,3.6,-2.8,-12.1,-21.2,0.16,0.17,0.26,0.43,0.61,1.02,1.36,1.24,0.87,0.53,0.31,0.18,0.02,0.05,0.11,0.3,0.55,0.66,0.72,0.66,0.41,0.23,0.06,0.02,3.1,3.1,3.4,3.5,3.7,3.4,3.1,3.1,3.5,3.5,3.3,3.1
"CA-Qfo",-74.34206,49.6925,-74.3541666666667,49.6875,2536,968,0,0,0,14.1,84,94.1,95.9,79.6,51.8,23.7,0.1,0,0,0,0,0,0.3,10.3,9.2,8.2,0,0,0,0,0,0,0,14.1,84.3,104.3,105.1,87.8,51.8,23.7,0.1,0,57.3,47.6,48.7,49.6,72.9,99.5,114.3,104.3,125.2,95.1,87.6,66.4,0,0,0,80.8,255.5,15.8,20.6,22.7,64,66.7,0.7,0,33.9,33.9,33.9,33.9,33.4,24.6,22.4,24.5,33.8,33.9,33.9,33.9,56.4,97.1,152.7,194.2,227.5,238.8,218.2,184.6,131.4,76.3,42.1,37.7,216.6,264.2,312.9,267.7,1.6,0,0,0,0,4.7,91.6,158,-12.8,-10,-3.1,5.2,13.5,19.8,22,20.4,15.2,7.1,-1,-8.4,-25,-23.7,-16.8,-6,1.2,7.1,10.5,9.2,5.1,-0.7,-7.8,-18.2,0.12,0.14,0.21,0.41,0.67,1.06,1.38,1.31,1.06,0.66,0.42,0.22,0.04,0.05,0.13,0.23,0.45,0.61,0.59,0.48,0.25,0.14,0.04,0.02,2.2,2.4,2.5,2.7,2.7,2.6,2.3,2.4,2.5,2.6,2.7,2.3
"CA-TP1",-80.55951944,42.66093611,-80.5625,42.6458333333333,2387,1137,0.7,0.4,18.5,70.8,92.2,92.7,90.9,86.2,72,54.9,31.2,4,0,0,0,0.3,12.6,29.2,44.2,30.7,13.4,1.6,0,0,0.7,0.4,18.5,71.1,104.8,121.9,135.1,116.9,85.4,56.5,31.2,4,69.9,59.5,72.8,85.1,82.9,86.3,84.6,87.1,91.2,83.7,95.8,95.3,5.3,4,103.9,153.1,10.7,6.6,4.6,5,8.5,14.3,43.3,19.2,66.9,67.2,67.5,66.9,47.4,34.5,23.5,19.4,30.1,44.5,64.9,66.9,59.8,98.4,146.2,186.2,224.6,249.1,248.7,213.8,167.3,106.1,60.7,47.8,133.7,188.5,138.7,0.5,0,0,0,0,0,0,0.8,71,-0.7,0.2,5.3,12.9,19.1,24.3,26.7,25.8,22,15.2,8.6,1.9,-8.4,-8.2,-3.8,2.2,7.6,13.1,15.5,14.9,11.1,5.2,0.9,-4.9,0.38,0.39,0.5,0.71,1.05,1.56,1.82,1.81,1.43,0.94,0.67,0.45,0.08,0.1,0.18,0.4,0.59,0.73,0.83,0.72,0.57,0.37,0.22,0.12,4.2,3.9,3.8,3.9,3.5,3,2.8,2.8,3.1,3.6,4,4.2
"CA-TP3",-80.34831389,42.70681111,-80.3541666666667,42.6875,2392,1136,1.1,0.6,18.1,69.6,91.8,91.7,89,83.3,71.7,54,32.3,5.5,0,0,0,0.3,13.5,30.2,46.1,33.6,13.7,2.2,0,0,1.1,0.6,18.1,69.9,105.3,121.9,135,116.9,85.4,56.2,32.3,5.5,69.7,59.3,75.5,84.9,79.1,84.1,81.4,83.2,90.1,78.9,90.9,97.4,7.4,5.3,98,153.4,8.8,6,4.1,4.6,8,11.2,34.8,23,69.5,69.9,70.3,69.8,48.9,35.3,23.6,18.8,29.3,43,66.4,69.5,60.1,97.5,145.4,186,225.1,249.6,247.9,213.4,167.1,105.8,60.8,47.7,126.1,179.1,138.1,0.5,0,0,0,0,0,0,0.5,66.3,-0.3,0.3,5.1,12.6,19.1,24.2,26.6,25.8,22,15,8.8,2.2,-7.9,-7.9,-3.8,2.1,7.8,13.2,15.6,15,11.2,5.4,1.1,-4.5,0.38,0.38,0.5,0.71,1.05,1.56,1.82,1.81,1.43,0.95,0.68,0.45,0.09,0.11,0.18,0.38,0.6,0.72,0.84,0.72,0.57,0.37,0.23,0.14,4.2,3.9,3.9,3.9,3.5,3,2.8,2.8,3.1,3.6,4,4.3
"CA-TP4",-80.357376,42.710161,-80.3541666666667,42.7291666666667,2392,1135,0.7,0.4,17,69.7,91.6,91.5,90.4,83.2,71.1,53,30.1,3.6,0,0,0,0.2,13.1,29.9,43.6,33.2,13,1.8,0,0,0.7,0.4,17,69.9,104.7,121.3,134,116.4,84.1,54.8,30.1,3.6,69.5,60.4,75.4,85.7,79.9,84.1,83.6,83.1,90.1,79.9,91,97.4,5.5,3.6,99.5,167,9.2,6.2,4.4,4.7,8.3,12.1,38.3,17.6,68.2,68.5,69,68.6,48.3,34.8,23.5,18.7,29.5,44.3,65.9,68.2,60.1,98.7,146,185.7,224.2,247.9,246,212.8,166.4,105.4,60.7,47.7,136.8,192.8,151.2,0.6,0,0,0,0,0,0,0.9,74.8,-0.7,0.1,5,12.6,18.9,24.1,26.5,25.7,21.7,14.8,8.4,1.7,-8.3,-8.2,-4,2,7.5,13.1,15.5,14.9,11,5.1,0.7,-5,0.38,0.38,0.49,0.7,1.04,1.55,1.8,1.8,1.42,0.94,0.67,0.45,0.08,0.11,0.18,0.39,0.59,0.72,0.83,0.72,0.55,0.35,0.21,0.12,4.2,3.9,3.9,3.9,3.5,3,2.8,2.8,3.1,3.6,4,4.3
"CA-WP1",-112.467,54.9538,-112.479166666667,54.9375,1621,842,0,0,0.2,57.4,79.9,86.2,95,56.6,40.7,19.4,0.1,0,0,0,0,0.4,30.8,34.5,30.4,48.3,23.1,11.8,0,0,0,0,0.2,57.8,110.7,120.7,125.4,104.9,63.7,31.2,0.1,0,21,13.3,20.5,25.9,46.7,81.8,99.5,52.8,44.6,23.9,18.2,18.7,0,0,0,9.9,4.5,5.1,6.2,2.6,2.2,1.5,0,0,20.4,20.4,21,53,35.5,26,24.4,18,19.7,20.1,20.2,20.2,35.5,77.8,139.8,200.3,238.3,255.8,252.4,207.3,139.5,78.4,39.7,25.6,60.8,74.1,93.7,20.3,0,0,0,0,0,2.6,20.7,39.4,-10.4,-5,0.6,10.3,17,21,23.2,22.2,16.5,8.9,-1.7,-8.2,-22.1,-18.3,-12.5,-3.7,2.2,7.1,9.7,8.3,3.3,-2.2,-11.1,-19,0.23,0.24,0.33,0.45,0.65,1.02,1.31,1.23,0.9,0.56,0.37,0.23,0,0.05,0.12,0.42,0.69,0.74,0.72,0.67,0.44,0.28,0.05,0.02,2.9,3,3.4,3.6,3.5,3.1,2.9,3,3.1,3.3,3.3,3.2
"CH-Aws",9.790417,46.583306,9.77083333333334,46.5625,4555,1043,0,0,0,0.7,34.9,77,89.1,76.4,53.5,20.8,0,0,0,0,0,0,0,0,2.4,4.1,3.3,1.1,0,0,0,0,0,0.7,34.9,77,91.5,80.5,56.8,21.9,0,0,77,60.8,82,84.2,100.7,113,128.5,127.8,106.9,89.8,91.7,88.6,0,0,0,4.9,294.3,304.7,48.1,52,52.8,40.4,0.3,0,13.5,13.5,13.5,13.5,14.1,14.1,13,12.4,12.5,13.5,13.5,13.5,71.5,110.7,161.7,212,240.4,244.6,239.2,208.3,164.2,120.8,74.2,57.4,284.1,344.9,427,505.5,276.4,7.6,0,0,0.4,28.1,119.4,208,-6.9,-6.1,-3.3,-0.8,3.5,7.8,10.9,10.9,7.4,3.9,-2,-5.9,-12.7,-11.7,-8.6,-5.9,-1.5,2.2,4.9,5.2,2.8,-0.8,-7,-11.4,0.24,0.22,0.29,0.38,0.54,0.67,0.77,0.8,0.63,0.49,0.34,0.23,0.06,0.1,0.11,0.1,0.13,0.23,0.32,0.3,0.27,0.21,0.11,0.09,4,4,4,3.8,3.4,3.2,3.1,2.9,3.3,3.4,4,4.1
"CH-Cha",8.41044,47.21022,8.39583333333334,47.2291666666667,4522,1027,3.6,10.3,42,61,87,104.3,109.8,94.4,61.7,34.2,15.7,6.1,0,0,0,5.5,8.2,9.7,14.3,7.2,2.5,1.2,0,0,3.6,10.3,42.1,66.4,95.1,114,124.1,101.6,64.2,35.4,15.7,6.1,76.8,77.7,84.1,86.5,119.2,125.3,127.4,132.3,101.7,94.3,89.5,93.9,40.9,72.6,98.4,32.9,33.7,23.9,18.6,34,37.4,56.9,71,56.4,36.8,36.8,36.8,30.8,29.3,26.5,25.5,29.4,32,35.2,36.8,36.8,48,79.2,127.9,177.1,208.2,242.3,240.3,197.8,141.3,92.6,51.5,36.9,62.9,57.7,1.4,0,0,0,0,0,0,0,1.2,32.6,2.8,4.8,10,14.1,19.2,22.4,24.7,23.6,19,13.8,7.4,3.7,-2.3,-1.5,1.8,4.8,9.6,12.6,14.5,14,10.5,6.7,1.5,-1.2,0.55,0.56,0.68,0.83,1.11,1.37,1.54,1.56,1.29,1.05,0.75,0.58,0.09,0.15,0.29,0.42,0.61,0.73,0.87,0.72,0.46,0.24,0.11,0.11,1.9,2,2.3,2,2,1.8,1.8,1.7,1.6,1.5,1.7,1.9
"CH-Dav",9.85591,46.81533,9.85416666666666,46.8125,4557,1037,0,0.3,4.2,33.6,80.6,89,97.3,82.9,57.1,36.8,5.7,0.2,0,0,0,0,0.5,3.8,3.9,3.2,3.2,1.9,0,0,0,0.3,4.2,33.6,81.1,92.8,101.2,86,60.3,38.7,5.7,0.2,68.1,58.3,67.4,64.4,100,124.7,140.7,143.7,105.2,73.9,74.9,72.6,1,4.5,31.8,174.2,137.8,39.1,43.2,60.5,48.3,36,26.6,1.4,17,17,17,17.3,16.9,15,15.2,15.6,15.3,16.1,16.8,17,64.1,102,150.6,199.5,230,236.6,232,203.2,156.8,113,67.4,51.2,178.3,231.7,263.1,119.5,1.5,0,0,0,0,0.3,42.2,113,-0.8,-0.8,1.8,5.2,10.5,13.6,16.1,15.4,12,8.4,2.8,0,-7.5,-7.8,-5.3,-2,2.9,5.8,7.7,7.6,4.8,1.8,-3,-6.1,0.33,0.31,0.4,0.5,0.7,0.87,1,1.03,0.83,0.64,0.45,0.32,0.14,0.15,0.16,0.21,0.32,0.38,0.45,0.37,0.31,0.27,0.18,0.18,2.5,2.7,2.8,2.7,2.6,2.5,2.5,2.4,2.5,2.4,2.6,2.6
"CH-Fru",8.53778,47.11583,8.52083333333334,47.1041666666667,4525,1030,3,8.3,39.9,61.9,87.6,105.9,114.8,95.7,63.3,36.9,17.7,6.5,0,0,0,3.2,4.8,3.4,5.9,3.8,1.5,1,0,0,3,8.3,39.9,65.1,92.4,109.3,120.7,99.5,64.8,38,17.7,6.5,82.5,86,98.7,100.4,137.3,152.4,161.5,162.5,119.6,103.1,102.4,104.4,35.4,69.3,141.5,52,51.7,46.3,46.8,64.9,55.9,64.8,80.9,57.8,33.8,33.8,33.8,30.6,28.7,28.9,28.8,30.7,31.1,32.4,33.8,33.8,50.9,83.5,131.8,181.5,211.1,240.3,239.7,198.8,143.6,96.5,54.8,39.6,84.7,93.1,10.3,0,0,0,0,0,0,0,2.4,42.6,2.4,3.8,8.3,12.3,17.2,20.4,22.9,21.9,17.5,13.1,6.9,3.5,-2.9,-2.3,0.7,3.6,8.2,11.2,13.4,12.9,9.8,6.2,1.1,-1.6,0.51,0.52,0.62,0.76,1.02,1.26,1.43,1.45,1.18,0.96,0.68,0.53,0.11,0.15,0.26,0.36,0.52,0.62,0.76,0.63,0.43,0.27,0.15,0.14,2.1,2.3,2.7,2.3,2.3,2.1,2.1,2,2,1.9,2,2.2
"CH-Lae",8.36439,47.47833,8.35416666666666,47.4791666666667,4521,1021,4.7,10.5,42,61.6,84.9,100,104.2,89.6,60.2,36.5,17,7.7,0,0,0,5.4,9.2,11.7,17.7,12.5,5,1.3,0,0,4.7,10.5,42,67,94.1,111.7,121.9,102.1,65.1,37.8,17,7.7,90.2,84.4,86.3,82.6,107,112.6,112.5,109.5,90.3,96.5,94.2,109.1,44.9,74.8,116.2,31.9,25.8,16.6,11.8,17,24.6,52.2,72.7,65,43.7,43.7,43.7,36.7,33,29,25.5,28.4,33.9,41.8,43.7,43.7,46.9,78.6,126.1,176.6,207.3,238.6,236.9,196.8,141.7,93.5,52.1,36.5,76.8,75.9,4,0,0,0,0,0,0,0,2.6,39,2.7,4.5,9.2,13.4,18.2,21.4,23.9,23.1,18.6,13.5,7.1,3.7,-2.5,-1.9,1.2,4.2,8.7,11.7,13.7,13.4,10,6.2,1.1,-1.3,0.52,0.54,0.65,0.78,1.06,1.3,1.48,1.5,1.26,0.99,0.7,0.55,0.12,0.16,0.28,0.41,0.56,0.68,0.81,0.7,0.44,0.27,0.14,0.14,2.5,2.5,2.8,2.3,2.3,2.1,2.1,2,2,1.9,2.1,2.5
"CH-Oe1",7.73194,47.28583,7.72916666666666,47.2708333333333,4506,1026,5.1,9.7,41.7,60.9,86.2,99.1,103.4,88.8,60.8,33.3,16.3,6.9,0,0,0.2,5.7,7.5,15,21.1,13.5,4.2,1.3,0,0,5.1,9.7,42,66.6,93.7,114.1,124.6,102.3,65,34.6,16.3,6.9,76.5,69.1,82.1,88.9,120.5,111.6,112,112.3,97.7,98.3,88.2,94.5,45,58,94.7,37.2,35.7,18.1,11.8,19.5,31.3,59.1,68.8,58,37.6,37.6,37.2,30.5,29,23.4,20.3,24.3,29.9,35.9,37.6,37.6,47.7,80.6,127.8,178.3,209,246,242.9,197.4,148.1,94,52,37.5,55.1,56.5,2.5,0,0,0,0,0,0,0,1.3,31,3,4.4,9.5,13.7,18.5,22,24.5,23.7,18.7,13.6,7.4,4,-2,-1.8,1.2,4.2,8.7,11.9,14,13.4,9.8,5.8,1.2,-1.4,0.54,0.56,0.66,0.8,1.09,1.33,1.52,1.53,1.28,1.05,0.73,0.57,0.11,0.13,0.28,0.41,0.56,0.7,0.84,0.72,0.41,0.2,0.13,0.11,2.3,2.4,2.6,2.2,2.2,2,1.9,1.8,1.8,1.8,1.9,2.4
"CZ-BK1",18.53688,49.50208,18.5208333333333,49.5208333333333,4765,972,1,2,12.9,56.4,86.5,93.5,95.5,83.2,55.7,33.3,8.6,0.2,0,0,0,1.4,2.7,4.2,11.9,8.3,3.9,2.1,0,0,1,2,12.9,57.8,89.2,97.7,107.4,91.4,59.5,35.3,8.6,0.2,56.8,56.1,61.9,60.4,110.9,130.9,121.7,116.2,89.6,56.9,71.4,80,10.2,16.9,73.6,160.6,33.5,38.1,30,32.5,34.2,20.5,32.6,2.8,46.2,46.3,46.7,46.5,42.1,41.4,37.6,38.1,37.7,40.9,45.5,46.2,37.9,68.8,113.1,170.7,207.8,222.2,222.5,186.4,133.1,82.8,41,29,148.8,185.9,160.8,4.5,0,0,0,0,0,0,25.6,101.8,-0.5,0.4,4.2,10.2,15.8,18.6,20.8,20.4,15.6,10.5,4,-0.6,-6.9,-6.9,-3.9,0,5.2,8.1,9.8,9.3,5.7,1.8,-2.1,-6.3,0.41,0.4,0.49,0.64,0.91,1.16,1.32,1.32,1.03,0.79,0.58,0.43,0.08,0.11,0.16,0.3,0.44,0.46,0.53,0.48,0.32,0.2,0.1,0.06,4.7,4.5,4.5,3.9,3.8,3.4,3.3,3.3,3.8,4.2,4.4,4.5
"CZ-Lnz",16.946331,48.68155,16.9375,48.6875,4727,992,5.9,12.6,42.8,66.3,82.1,92.9,91.6,80.7,54.9,35,22.9,5.1,0,0.5,2.7,19.4,36.3,38.6,50.5,40.7,23.3,9.6,0.2,0,5.9,13.1,45.6,85.7,118.3,131.5,142.1,121.4,78.2,44.6,23.2,5.1,32.6,28.4,37.8,38.9,74.4,87,90.8,87.5,64.3,39.4,42.6,40.5,3.5,6.1,22.1,5.7,6.4,4.3,4.5,4.6,3.9,2.4,3.8,3.2,65,74.5,79.4,53.9,39.9,29.6,24.2,26.4,31.9,33.9,49.2,59.9,38.6,72.2,116.2,179.5,221.2,243.6,242.1,203,143.2,85.8,41.9,29.5,39.5,39.6,7.7,0,0,0,0,0,0,0,0.6,22.1,2.4,4.4,9.8,16.5,21.7,24.6,26.9,26.1,20.9,14.9,8.1,2.7,-3.5,-2.7,0.5,4.8,9.8,12.8,14.2,13.7,9.7,5.4,1.7,-2.7,0.48,0.5,0.62,0.76,1.12,1.37,1.54,1.53,1.25,0.96,0.7,0.52,0.13,0.18,0.32,0.62,0.8,0.93,1.06,0.96,0.6,0.35,0.2,0.1,3.3,3.5,3.7,3.6,3.4,3,2.9,2.9,3,2.9,3.1,3.1
"CZ-RAJ",16.6965125,49.4437236,16.6875,49.4375,4721,974,3.3,6.7,29.9,59.9,78,88.3,82.4,71.7,49.8,31.6,13,1.9,0,0,0.9,9.5,24.2,21.4,40.7,36.4,21.1,10.2,0,0,3.3,6.7,30.8,69.4,102.2,109.7,123.1,108.1,70.9,41.8,13,1.9,30.9,28.1,34.6,35.8,69.2,88.8,80.4,75.9,55.8,36.6,38.9,40.1,3.8,7.5,34.7,17.3,7.2,5,4.9,5.8,3.4,2.7,3.7,2.2,51.6,57.6,62,51.7,35.8,31.2,24.2,22.6,25.1,27.5,41,47.7,37,69.4,112.9,176,215.2,233,231.2,193.2,135.2,82.2,39.5,27.5,57.8,65.7,31.2,0.1,0,0,0,0,0,0,8.7,38,0.6,1.8,6.4,12.3,17.7,20.3,22.7,22.3,17.7,12,4.9,1,-5,-4.8,-1.6,1.9,6.9,9.7,11.3,11.2,7.8,3.5,-0.7,-4,0.44,0.45,0.55,0.69,0.97,1.23,1.34,1.32,1.1,0.84,0.62,0.48,0.1,0.13,0.22,0.39,0.56,0.58,0.73,0.71,0.46,0.26,0.11,0.09,4.7,4.7,4.8,4.2,4.1,3.5,3.5,3.5,3.9,4.2,4.5,4.4
"CZ-Stn",17.9699,49.035975,17.9791666666667,49.0208333333333,4752,984,2.5,6.3,31.2,64.6,86.9,97.3,93.5,82.5,56.9,38.2,15.8,1.2,0,0,0.5,6.1,15,14.6,30.8,26,12.5,4.8,0,0,2.5,6.3,31.7,70.7,101.9,111.8,124.2,108.5,69.4,43,15.8,1.2,42.9,40.9,45.9,48,87.8,104.6,91.3,92.5,75.4,48.7,58.7,63.7,10.7,21.1,71.9,37,14.7,10.2,6.8,9.7,13.3,7.4,15.6,5.4,60.2,61.1,62,55.1,41.3,38.4,29.4,29.8,34.9,38,53.8,59,38.6,71.1,115,176.7,216.7,234.5,235.1,197,139.2,86.1,41.7,29.4,92.3,105,46.9,0.1,0,0,0,0,0,0,11.5,63.4,0.6,2,6.6,12.7,17.9,20.6,23.1,22.6,17.8,12.4,5.5,0.8,-5.6,-5.2,-1.9,1.9,6.7,9.6,11.3,10.9,7.3,3.3,-0.7,-4.7,0.43,0.43,0.53,0.68,0.97,1.21,1.35,1.33,1.1,0.83,0.61,0.46,0.1,0.14,0.24,0.41,0.56,0.61,0.75,0.71,0.44,0.29,0.14,0.08,4.3,4.3,4.3,4,3.9,3.4,3.2,3.3,3.6,3.9,4.2,4.1
"CZ-wet",14.77035,49.02465,14.7708333333333,49.0208333333333,4675,984,2.2,7.5,32.9,56.8,75.6,83.9,86.6,74.4,46.6,29.5,13.7,1.4,0,0,0.4,10.8,25.8,25.9,31.2,26.7,16.4,5.2,0,0,2.2,7.5,33.3,67.6,101.4,109.8,117.8,101.1,63,34.7,13.7,1.4,37.4,31.6,48.1,41,68.2,82.8,89.2,79.4,52.4,39.5,40.8,43.5,7.8,20.3,55.3,17.4,6.3,4.2,5.3,5.1,2.8,5.9,8.2,3.9,51.2,54.2,55.7,41.9,28.2,22.9,20.3,20.1,23.1,27.3,42.2,48.2,38.1,71.4,112.8,174.6,210.9,225.5,224.5,189.4,134,81.5,40.5,28.8,60.3,61,19.3,0,0,0,0,0,0,0,3.9,36,1.6,3.5,8.3,14.4,19.8,22.2,24.6,23.8,18.6,13,6.5,1.7,-5,-4.4,-1.3,2.8,7.8,10.8,12.5,11.8,7.8,3.7,0.3,-4,0.48,0.48,0.58,0.73,1.03,1.28,1.46,1.42,1.17,0.9,0.68,0.5,0.08,0.14,0.26,0.48,0.66,0.72,0.83,0.77,0.45,0.26,0.13,0.08,2.5,2.6,2.6,2.2,2.6,2.2,2,2.1,2.1,2.1,2,2.1
"DE-Gri",13.51259,50.95004,13.5208333333333,50.9375,4645,938,4.4,5.9,28.3,59.4,83.3,90.8,100.5,84.8,51.5,35.4,17.8,5.9,0,0,0.2,5.5,13.2,20.4,17.9,19.1,13.9,2.5,0,0,4.4,5.9,28.5,64.9,96.5,111.2,118.3,104,65.4,37.8,17.8,5.9,60.7,50.5,65.7,48.8,73,79.9,110.4,87.7,59.2,54.8,63.1,67.3,21.8,28.3,86.7,30.9,8.6,5,8.9,6.1,5.5,10.4,21.6,17.2,98.8,99.6,99.8,90.7,71.9,56,57.1,53.8,56,65,85.1,96.5,33.9,61.6,104,164.2,201.2,217.9,213.3,181.1,124.9,77.4,36.7,25.2,66.6,82,32.5,0.1,0,0,0,0,0,0,3.7,36.5,1.2,1.8,6.4,12.2,17.5,20.3,22.5,21.9,17.3,12,6.2,2.1,-3.7,-4,-0.8,3.1,7.7,10.9,12.8,12.3,9.2,5.3,1.4,-2.1,0.49,0.51,0.6,0.74,1.01,1.2,1.4,1.37,1.17,0.92,0.68,0.52,0.09,0.08,0.18,0.37,0.53,0.65,0.73,0.67,0.42,0.24,0.13,0.11,5.1,4.9,5,4.1,4,3.9,3.7,3.8,4,4.3,4.6,4.7
"DE-Hai",10.45217,51.07921,10.4375,51.0625,4571,935,8.5,8.9,33.6,60.1,82.8,86.3,95.3,76.9,57.7,36,18.2,7.7,0,0,0.1,5.2,12.3,20.5,19.2,24.4,6.9,1.5,0,0,8.5,8.9,33.7,65.3,95.1,106.8,114.4,101.4,64.6,37.5,18.2,7.7,75.1,64.1,80.9,53.9,75.3,71.1,100.5,76,76.9,65,85,89,38.2,44,99.7,24.3,8,4.8,6.1,5.1,10.4,14.6,40.3,43.2,98.6,98.6,98.4,89.5,74,54,53.1,47.1,55.9,70.3,92.2,97.9,31,59.7,102.6,160.3,199.1,220.2,213.9,183.2,120.9,71.2,34.5,23,62.5,73.7,21.6,0,0,0,0,0,0,0,4.5,36.8,2.6,3.4,8,12.9,17.7,20.5,22.3,22,17.9,12.3,6.3,3,-2.9,-3.4,-0.6,2.1,6.7,9.4,11.8,11.3,7.6,4.1,1.1,-1.7,0.5,0.51,0.62,0.73,0.98,1.21,1.38,1.36,1.13,0.89,0.67,0.53,0.13,0.13,0.22,0.38,0.53,0.6,0.68,0.64,0.43,0.24,0.14,0.12,4.9,4.3,4.4,3.9,3.7,3.4,3.4,3.5,3.6,4,4.1,4.2
"DE-HoH",11.22235,52.08656,11.2291666666667,52.1041666666667,4590,910,9.7,12,37.2,56.9,75.9,74.6,71.9,64.9,43.8,32.2,19.4,10.6,0,0.1,1.2,10.6,20.7,33,49.8,41.9,22.4,6.2,0,0,9.7,12.2,38.4,67.5,96.6,107.6,121.7,106.8,66.2,38.4,19.4,10.6,42.4,35.3,42.8,38.7,61.7,63.3,66.2,64.1,46.9,39.4,48.7,47.5,10.9,15.3,25.9,5.8,3.7,3.5,3.3,3.2,2.3,2,4.3,6,79.5,84.1,84,66.7,48.8,34,25,21,21.8,27.1,51.2,71.1,28.2,55.3,99.7,160.7,202.3,222.7,216.2,182.8,117.3,69.9,31.6,20.8,23.5,26.8,6.6,0,0,0,0,0,0,0,0.9,11.9,2.9,4.2,8.6,13.8,18.4,20.9,23.6,23.1,18.8,13.4,7.4,3.6,-2.2,-1.7,0.5,3.8,7.8,10.8,13.6,13.1,9.4,5.6,2.3,-1,0.53,0.54,0.63,0.79,1.05,1.29,1.43,1.42,1.21,0.96,0.73,0.56,0.12,0.16,0.25,0.42,0.56,0.61,0.83,0.76,0.48,0.27,0.15,0.13,4.7,4.2,4.4,3.7,3.4,3.4,3.2,3.3,3.5,3.7,4,4.1
"DE-Hte",12.176111,54.210278,12.1875,54.2291666666667,4613,859,11.3,10.9,27.2,44.2,65.1,74.2,75.7,70.9,47.7,31.3,17.3,12.3,0.2,0,0.6,7.5,14.3,19,31.4,21.6,13.4,1,0,0,11.5,10.9,27.8,51.8,79.4,93.1,107,92.6,61.1,32.4,17.3,12.3,47.5,36.3,40.8,33.5,51.8,67.4,63.5,67.6,56.5,46.7,48.2,48.2,18,15.1,27.9,10,3.8,5.7,4.6,3.4,3.6,3.5,10.8,11.8,109.2,114.2,114.1,102.2,85.1,72.6,55.9,49.2,54.3,66.2,86.1,103.5,22.8,46.3,97.7,166,212.2,227.7,226.6,181.7,116,66.1,27.4,16.1,17.9,23.1,8.9,0,0,0,0,0,0,0,0.2,6.9,3.6,4.1,6.7,10.5,14.9,18.1,21,20.9,17.4,12.8,7.8,4.1,-1.3,-1.3,0.3,3.5,7.4,11.6,14.1,13.9,11,7.2,3,0,0.58,0.59,0.66,0.81,1.06,1.36,1.59,1.58,1.31,1.07,0.8,0.62,0.11,0.12,0.15,0.22,0.31,0.38,0.48,0.46,0.36,0.19,0.11,0.11,6.6,6.3,5.9,5.1,4.8,5.1,4.9,5.1,5.4,5.7,5.7,5.8
"DE-Hzd",13.48978,50.96381,13.4791666666667,50.9791666666667,4644,937,6.3,6.9,30.1,60,82.6,87.3,99.7,83.3,51.5,35.4,18.9,8.1,0,0,0.2,6.9,14.8,23.2,21.1,21.7,16.3,3,0,0,6.3,6.9,30.3,66.9,97.5,110.4,120.9,105,67.8,38.3,18.9,8.1,58.6,48.4,61.5,46.8,69.9,74.1,106.1,85.6,57.2,52.9,62.2,66.1,22.1,26.4,75.1,23.6,7.2,4.2,6.6,5.4,4.3,7.5,19,15.6,99.8,101,100.7,89.1,69.2,51.9,51.7,48.5,49.8,59.8,81.4,96.2,33.7,60.9,103.9,164.6,202.4,220.6,213.8,182.4,125.1,77,36.3,25.2,54.7,68.7,25.2,0,0,0,0,0,0,0,2.7,30.4,1.7,2.2,6.7,12.6,17.8,20.6,23,22.3,17.7,12.2,6.5,2.5,-3.1,-3.6,-0.5,3.3,7.9,11,13.3,12.5,9.3,5.5,1.6,-1.7,0.49,0.51,0.6,0.74,1.02,1.26,1.41,1.4,1.16,0.93,0.69,0.51,0.11,0.09,0.19,0.39,0.54,0.63,0.78,0.68,0.46,0.25,0.14,0.13,5,4.8,4.9,4,3.9,3.8,3.6,3.7,3.9,4.2,4.5,4.6
"DE-Lnf",10.3678,51.32822,10.3541666666667,51.3125,4569,929,6.6,7.9,33.8,60,82.3,87.9,92.2,76.3,55.7,34.9,18.1,7.4,0,0,0.1,5.4,12.4,17.8,21.8,23.4,6.8,1.2,0,0,6.6,7.9,33.9,65.3,94.7,105.7,114,99.7,62.4,36.1,18.1,7.4,74.5,59.1,77.4,53.6,75.5,77.6,92.9,76.3,74.4,64.2,82.6,86.7,36.1,41.1,98.3,21.9,8.2,6.1,5.7,4.9,9.9,14.8,39.3,43.6,96.7,96.7,96.5,87.2,72.2,55.7,50.8,45.9,54.8,69.3,90.7,96.2,30.1,58.6,101.4,159.3,198.3,218.5,213.7,180.3,119,70.6,33.3,22.3,63.5,73.5,19.1,0,0,0,0,0,0,0,3.8,33.9,2.3,3.2,8,13.1,17.7,20.6,22.3,21.9,18,12.4,6.5,3,-3.1,-3.6,-0.3,2.6,6.9,9.7,12.1,11.6,8,4.4,1.3,-1.7,0.51,0.51,0.63,0.75,0.99,1.23,1.39,1.38,1.17,0.92,0.69,0.55,0.11,0.12,0.22,0.38,0.53,0.6,0.69,0.64,0.41,0.23,0.14,0.11,4.9,4.2,4.3,3.8,3.6,3.4,3.3,3.4,3.5,3.9,4.1,4.1
"DE-Obe",13.72129,50.78666,13.7291666666667,50.7708333333333,4650,942,1.6,3.2,13,55.8,78.7,85.1,95.2,80.8,47.5,34.5,7.6,0.8,0,0,0,1,8.2,10.3,12.5,12,8.4,1.8,0,0,1.6,3.2,13,56.8,86.8,95.4,107.7,92.8,55.8,36.3,7.6,0.8,59.5,54.5,70.9,50,76.8,84.3,110.9,89,61.8,55.5,60.4,65.9,12.1,25.3,75.5,117.6,13.6,8.8,16.9,10.3,13.9,14.2,21.1,5.9,91.5,94.4,95.4,94.4,81.2,71.6,70.4,68.3,68.8,75.6,86.9,88.9,34.7,63,105.2,164.7,200.3,216.8,210.4,180,124,78.3,37.8,26.3,120.1,143.2,124.7,2.4,0,0,0,0,0,0,20.4,77.5,-0.4,0.3,3.7,9.4,14.6,17.2,19.5,18.9,14.4,9.8,3.4,-0.1,-5.2,-5.4,-2.8,1.1,5.6,8.5,10.8,10.2,7.2,3.6,-1,-4.4,0.45,0.45,0.54,0.65,0.9,1.12,1.25,1.25,1.07,0.81,0.61,0.47,0.07,0.08,0.12,0.27,0.4,0.43,0.55,0.48,0.27,0.2,0.07,0.06,7,6.6,6.5,5.3,5.2,5,4.8,4.9,5.4,6,6.3,6.6
"DE-RuR",6.30413,50.62191,6.3125,50.6041666666667,4472,946,8.8,8.9,31,57,78.9,82.1,84.8,77.1,56,36.7,17.8,7.8,0,0,0.1,3,10.5,16.8,22.3,15.5,4.3,0.3,0,0,8.8,8.9,31.1,60,89.4,99,107.1,92.6,60.3,37,17.8,7.8,112.5,102.9,99.9,67.9,81.2,79.8,94,94.9,88,86.1,94.9,106.3,76.7,68.8,126.6,38.6,13.1,10,10.2,14.8,22.4,37.9,69.7,71.4,61.4,61.4,61.3,57,46.2,33.9,32.8,35.8,45.5,57,61.4,61.4,32.7,59.4,103.8,162.6,201.2,217.4,209.6,175.6,130.4,79.9,38.5,25.2,55.8,81.1,23.5,0.1,0,0,0,0,0,0,3,30.2,2.9,3.1,7.1,11.2,15.8,18.6,20.6,20.1,16.5,11.9,6.7,3.2,-1.4,-2.1,0.3,2.8,7.2,9.6,12.2,11.9,8.7,5.4,2.1,-0.9,0.56,0.54,0.65,0.74,0.96,1.19,1.35,1.34,1.17,0.93,0.73,0.59,0.1,0.11,0.18,0.31,0.45,0.5,0.58,0.54,0.35,0.22,0.13,0.09,5.2,4.8,4.7,3.9,3.8,3.5,3.6,3.5,3.8,4.4,4.4,4.7
"DE-RuW",6.3309627,50.50493,6.3125,50.5208333333333,4472,948,7.3,8,26.7,54.8,76.8,83,85.4,75.6,53.5,34.7,16.1,5.3,0,0,0,1.8,8,10.4,16.8,12.4,2.5,0.2,0,0,7.3,8,26.7,56.6,84.8,93.4,102.2,88,56,34.9,16.1,5.3,125.4,107.9,108.2,73.9,84.9,86.9,97.8,93.6,94.4,96.8,105.4,120.6,83.5,75.2,144.1,64.2,17.6,14.5,13,17.7,30.2,51.9,82.6,73,62.2,62.2,62.2,59.9,50.9,40.2,39.6,39.8,50.4,60.6,62.2,62.2,33.2,60.2,105.1,162.8,201.3,217,210.7,177,131.8,80.3,38.6,25.5,81.1,105.8,43.3,0.5,0,0,0,0,0,0,5.1,47.3,2.4,2.8,6.4,10.3,14.9,17.7,19.6,19.3,15.7,11.4,6.1,2.6,-1.8,-2.4,-0.4,2.1,6.4,8.8,11.3,11.2,8.1,4.9,1.6,-1.3,0.55,0.53,0.64,0.72,0.94,1.17,1.32,1.33,1.16,0.92,0.71,0.58,0.1,0.11,0.15,0.27,0.4,0.42,0.51,0.47,0.29,0.2,0.11,0.07,5.3,5,4.8,4,3.9,3.6,3.7,3.6,3.9,4.5,4.5,4.8
"DE-Tha",13.56515,50.96256,13.5625,50.9791666666667,4646,937,5.6,6.9,30.3,60,83,87.2,97.2,82.3,50.2,34.7,18.9,8.5,0,0,0.3,7.4,15.4,23.8,22.9,23.2,16.4,3.2,0,0,5.6,6.9,30.5,67.4,98.5,111,120.1,105.5,66.7,37.9,18.9,8.5,55.3,45.2,58.2,46.6,69.8,74,101.6,84.4,56.1,50.8,59.9,63,19,24.2,70.5,20.4,6.9,4.1,5.8,5.1,4.3,6.6,16.6,14.3,98.6,100.1,100,87.5,67.4,50.1,48.6,45.6,47.2,56.8,78.5,94.6,33.6,60.8,103.5,164.6,202.3,220.6,215.7,182.8,124.8,77.4,36.6,25,51.1,63.8,21.4,0,0,0,0,0,0,0,2.6,26.7,1.7,2.3,6.9,13,18.1,20.8,23.2,22.5,17.9,12.4,6.5,2.7,-3.2,-3.6,-0.4,3.6,8.2,11.2,13.4,12.7,9.6,5.6,1.6,-1.6,0.5,0.51,0.61,0.75,1.03,1.27,1.45,1.42,1.19,0.94,0.69,0.52,0.1,0.1,0.19,0.4,0.56,0.65,0.76,0.7,0.45,0.25,0.15,0.13,4.7,4.6,4.7,3.9,3.8,3.7,3.5,3.6,3.7,4,4.2,4.4
"DK-Sor",11.64464,55.48587,11.6458333333333,55.4791666666667,4600,829,7.8,6.5,24.5,49.7,74.8,77.7,77.7,72.6,46.6,31.2,16.2,7.4,0.1,0,0.7,8.5,20.9,33.9,40.1,29.3,13.3,0.1,0,0,7.9,6.5,25.1,58.2,95.7,111.6,117.8,101.9,59.8,31.3,16.2,7.4,50.5,36.1,37.5,33.8,49.6,57.6,69,72.5,56.3,61.9,59.8,57.1,29.9,18.1,31.8,10.9,3.4,2.9,3.4,3.6,2.8,3.6,14.6,22.5,120.3,122.3,121.9,107.8,79.3,56.3,44.1,40.4,47.2,74.4,103.2,119.8,20.4,43.6,94.4,160.8,209.7,221.1,217.2,174.2,114.5,60.9,24.9,14.1,21.7,31.2,12.8,0.1,0,0,0,0,0,0,0.1,10.7,3.6,3.3,5.9,10.2,15.4,18.8,20.9,20.8,16.3,11.5,7.7,3.2,-1.7,-2.4,0,4.5,9.7,13.4,15.2,15.1,11.5,7.1,3,-0.3,0.58,0.57,0.62,0.73,0.97,1.23,1.42,1.43,1.24,0.99,0.79,0.62,0.09,0.08,0.16,0.32,0.52,0.64,0.7,0.67,0.37,0.2,0.13,0.08,5.2,4.8,4.8,4.1,4.1,4.3,4,4.1,4.4,4.7,4.5,4.4
"ES-Abr",-6.785881,38.701839,-6.77083333333334,38.6875,4158,1232,30.9,39.8,52.4,64.8,47.7,18.9,6.5,7,28.8,58.8,39.9,29.7,4.4,7.7,30.2,44.5,101.6,171,217.1,193.4,110.3,28.2,7.7,1.8,35.3,47.5,82.6,109.2,149.3,189.9,223.5,200.4,139,87,47.6,31.5,64.7,56.3,39.2,57.1,43.1,16.7,4.8,6,29.2,73.7,81,90.5,30.2,19.4,3.9,2.9,2.1,0.8,0.2,0.3,1.5,4.8,19.8,49.4,52.1,49.2,32.1,21.6,14.8,11.8,9.8,8.5,7.5,17.5,38.8,50.2,96.4,132.4,173.5,231.5,279.9,315,327.2,286.9,213.9,150.6,101.2,78.7,0,0,0,0,0,0,0,0,0,0,0,0,13,15.2,18,20.3,24.1,30.5,34.1,33.4,29.3,22.8,16.9,13.3,4.2,4.9,7.5,8.8,12.4,15.9,17.8,18.2,16.1,12.1,7.9,5.5,0.88,0.92,0.98,1.08,1.25,1.45,1.52,1.5,1.45,1.34,1.1,0.98,0.29,0.39,0.58,0.69,0.99,1.65,2.19,2.13,1.52,0.78,0.41,0.24,2.9,3.1,3.3,3.5,3.3,3.3,3.3,3.1,2.8,2.8,3,3.1
"ES-Agu",-2.033208,36.940046,-2.02083333333334,36.9375,4272,1274,25.7,26.4,21.8,21.1,17.6,8.5,1.9,3.3,17,30.9,35.1,26.6,19.1,26.8,62.7,92.2,127.7,163.8,190.8,174.8,111.6,56.8,20.7,15.8,44.8,53.3,84.5,113.3,145.3,172.3,192.7,178.1,128.6,87.8,55.8,42.4,30.1,27.1,21.5,20.9,17.6,8.3,1.5,3,17.5,32.2,37.8,31,1.5,1.4,1.1,1.1,0.9,0.4,0.1,0.1,0.9,1.6,1.9,1.6,11.5,10.8,9.4,8.2,7.4,6.8,6.3,5.9,5.5,5.3,6.1,8.9,105,138.6,185.9,235.8,280.3,306,308.2,279.1,210.9,156.3,111.4,93.8,0,0,0,0,0,0,0,0,0,0,0,0,14.4,15.5,17.6,19.7,22.7,27.3,30.4,30.6,27.3,22.9,18.2,15.3,5.6,6.6,9,11,14.4,18.2,21.2,21.4,18.6,14.3,9.7,6.9,0.95,0.99,1.09,1.16,1.41,1.76,2.05,2.15,1.87,1.55,1.23,1.05,0.33,0.38,0.5,0.65,0.8,1.12,1.4,1.35,1.03,0.67,0.43,0.32,3.8,4,4,4.5,4.4,4.2,3.7,3.6,3.5,3.3,3.8,3.8
"ES-LJu",-2.75212,36.92659,-2.77083333333334,36.9375,4254,1274,28.9,35.1,55.1,70.7,60.9,26,9.1,9.8,30.1,45.6,37.9,28.1,4,2.8,13.2,26.4,69.4,142.3,194.7,171.9,90.8,30,5.1,2.5,32.9,38,68.2,97.1,130.4,168.4,203.8,181.7,120.8,75.6,43.1,30.6,59.9,63.4,54.3,50.7,42.8,16.9,4.5,7,29.4,49.2,69.3,73.5,17.7,18.8,10.3,2.9,2.1,0.8,0.2,0.4,1.5,2.5,4.2,19.4,78,86.8,76.8,53.9,33.6,23.6,18.7,15.6,13.4,14.6,41.7,67.8,108.1,142.5,186.8,232.2,271.7,302.7,314.7,281.6,214.3,157.6,113.3,93.7,0.3,1,0,0,0,0,0,0,0,0,0,0,8.3,9.2,11.7,14.9,18.7,25.4,30.7,29.2,23.2,17.2,12,8.8,-1.5,-1.3,1.3,3.6,7.3,11.8,15.2,14.7,10.1,6.3,2.3,0.6,0.62,0.65,0.7,0.76,0.89,1.1,1.24,1.31,1.17,1,0.82,0.71,0.2,0.21,0.32,0.49,0.71,1.23,1.84,1.58,0.88,0.46,0.25,0.18,4.4,4.5,4.4,4.6,3.8,3.6,3.4,3.3,3.4,3.7,4.3,4.5
"ES-LM1",-5.778683,39.94269,-5.77083333333334,39.9375,4182,1202,25,37.8,49.1,60.3,58.8,35.7,11.9,12,28.9,49.7,35.2,27.6,3.8,6.4,27.7,42.7,80.1,143,193.8,171.9,94.7,23.6,6.2,2.1,28.8,44.2,76.8,103,138.9,178.6,205.7,183.9,123.6,73.3,41.3,29.7,50.8,53.3,36.9,39,38.6,22.2,4.5,7.6,26.8,62.2,64.6,62.4,6.7,6.3,3.1,2,1.9,1.1,0.2,0.4,1.3,3.1,3.2,4.7,104.7,113.9,98.6,75.3,53.2,38.6,30.9,26.1,22.6,32,58.2,88.2,86.4,124.7,164.6,221.9,272,311.2,325.3,281.9,209.5,140.4,92.2,69.1,0,0,0,0,0,0,0,0,0,0,0,0,12.4,15,18.2,20,23.7,30.4,34.2,33.6,28.7,22.4,16.4,12.9,4.2,4.5,7.3,8.3,11.8,16.2,18.7,18.8,15.7,11.6,7.6,5.5,0.87,0.84,0.94,1.01,1.2,1.45,1.57,1.52,1.42,1.33,1.04,0.92,0.27,0.44,0.63,0.71,0.97,1.67,2.22,2.19,1.47,0.72,0.43,0.29,2,2.2,2.5,2.7,2.6,2.6,2.4,2.3,2,2,2,2.2
"ES-LM2",-5.775881,39.934592,-5.77083333333334,39.9375,4182,1202,25,37.8,49.1,60.3,58.8,35.7,11.9,12,28.9,49.7,35.2,27.6,3.8,6.4,27.7,42.7,80.1,143,193.8,171.9,94.7,23.6,6.2,2.1,28.8,44.2,76.8,103,138.9,178.6,205.7,183.9,123.6,73.3,41.3,29.7,50.8,53.3,36.9,39,38.6,22.2,4.5,7.6,26.8,62.2,64.6,62.4,6.7,6.3,3.1,2,1.9,1.1,0.2,0.4,1.3,3.1,3.2,4.7,104.7,113.9,98.6,75.3,53.2,38.6,30.9,26.1,22.6,32,58.2,88.2,86.4,124.7,164.6,221.9,272,311.2,325.3,281.9,209.5,140.4,92.2,69.1,0,0,0,0,0,0,0,0,0,0,0,0,12.4,15,18.2,20,23.7,30.4,34.2,33.6,28.7,22.4,16.4,12.9,4.2,4.5,7.3,8.3,11.8,16.2,18.7,18.8,15.7,11.6,7.6,5.5,0.87,0.84,0.94,1.01,1.2,1.45,1.57,1.52,1.42,1.33,1.04,0.92,0.27,0.44,0.63,0.71,0.97,1.67,2.22,2.19,1.47,0.72,0.43,0.29,2,2.2,2.5,2.7,2.6,2.6,2.4,2.3,2,2,2,2.2
"FI-Hyy",24.29477,61.84741,24.3125,61.8541666666667,4904,676,0,0,0.7,31.4,76,84.5,86.7,64.3,33.8,13.2,1.1,0.1,0,0,0,0,8.6,16.7,18.8,9.3,2.4,0,0,0,0,0,0.7,31.4,84.6,101.2,105.4,73.6,36.1,13.2,1.1,0.1,49.6,33,36.2,32.7,43.1,69.1,89.5,81.4,60.1,70,60.5,51.4,0.2,0.9,8.4,133.6,43.7,7.3,8.9,10.4,15,32.3,22.2,4.4,106.8,107.8,108,110,95.7,73.1,67.1,73.7,85,104.9,106.2,106.2,9.2,33.2,84.8,150.6,204.4,222.3,217.4,160,93.9,37.7,11.7,5,138.8,169.9,196.8,62.5,0,0,0,0,0,4.5,40.5,87.3,-4,-3.9,0.8,7.1,15,19.1,21.5,18.9,12.8,6.7,0.8,-2.5,-10.6,-11.6,-7.6,-2.4,2.9,7.7,10.5,8.7,4.7,1.1,-3.7,-8.3,0.33,0.32,0.39,0.51,0.71,1.01,1.3,1.24,0.97,0.73,0.53,0.38,0.05,0.05,0.11,0.26,0.52,0.63,0.64,0.42,0.21,0.1,0.04,0.05,2.6,2.5,2.8,2.8,2.8,2.7,2.5,2.4,2.6,3,2.9,2.6
"FI-Let",23.95952,60.64183,23.9791666666667,60.6458333333333,4896,705,0.1,0.3,1.9,37.9,76.8,83.2,86.2,66.7,36.2,16.3,3.1,0.6,0,0,0,0,11.7,19,23.6,10.3,4.2,0,0,0,0.1,0.3,1.9,37.9,88.5,102.2,109.8,77,40.4,16.3,3.1,0.6,56,38.3,38.9,31,39.4,63.9,78.3,81,55.8,73,65.6,57.9,1.5,6.4,17.1,139.2,21.1,5.1,5.4,7.8,9.5,25,26.9,8.5,125,125.8,126,129.5,109.7,85.2,72,78.5,88.6,117.4,123.1,123.3,11.2,36.4,89.1,153.8,211.5,227,224.1,165.9,99.6,42.7,13.7,5.8,137.9,168.8,188.4,38.7,0,0,0,0,0,2.9,32.9,81.4,-2.6,-2.9,1.3,7.6,15.3,18.9,21.9,19.4,13.6,7.6,2.1,-1.1,-8.5,-9.7,-6.2,-1.4,4,8.4,11.7,9.9,5.8,2.1,-2.3,-6.5,0.37,0.34,0.41,0.53,0.75,1.05,1.35,1.31,1,0.76,0.56,0.41,0.06,0.07,0.13,0.28,0.54,0.61,0.67,0.45,0.25,0.13,0.07,0.07,2.9,2.9,2.9,2.8,2.9,2.8,2.6,2.5,2.7,3,3,2.7
"FI-Sod",26.63859,67.36239,26.6458333333333,67.3541666666667,4960,544,0,0,0,4.6,65.1,79.1,75.7,54.4,26.4,3.5,0,0,0,0,0,0,0,15.4,18.4,7.9,1.2,0,0,0,0,0,0,4.6,65.1,94.5,94.1,62.3,27.6,3.5,0,0,34.8,29,29.8,28.5,41.7,58.1,73.9,65.1,50.7,48.5,39.1,34.9,0,0,0,23.4,162.1,5.8,4.8,7.9,12,12.1,0.2,0,58.7,58.7,58.7,63.4,66.7,44.4,37.9,40.8,53.2,59.8,59.8,59.8,2.9,20.7,73,149.2,191.2,216.3,192.6,135.9,72.3,24.8,5.2,0.6,138.8,167.7,197.5,193.3,4.6,0,0,0,0,26.2,65.1,100,-8.3,-7.3,-2.2,3.7,10.1,16.6,19.5,16.2,10.1,3,-3.5,-7,-18.6,-17.7,-12.8,-6.3,0.5,6.3,9.4,6.7,2.3,-2.9,-10.9,-16.5,0.2,0.21,0.29,0.4,0.59,0.85,1.15,1.05,0.81,0.55,0.34,0.22,0.05,0.05,0.09,0.2,0.35,0.59,0.58,0.38,0.18,0.08,0.04,0.06,2.3,2.5,2.6,2.6,2.8,2.8,2.6,2.2,2.4,2.8,2.3,2.1
"FI-Var",29.61,67.7549,29.6041666666667,67.7708333333333,5031,534,0,0,0,3.7,56.9,77.2,74.8,53.1,24.9,2.5,0,0,0,0,0,0,0,11,11,4.2,0.4,0,0,0,0,0,0,3.7,56.9,88.2,85.8,57.3,25.3,2.5,0,0,34.1,29.1,34.2,32.9,51.1,68.4,85.4,73.2,55.8,57.1,41.5,35.8,0,0,0,24.9,194.1,19.4,12.4,15.9,26.1,15.7,0.3,0,31,31,31,32.4,32.7,22.6,20.9,25.1,29.8,31,31,31,2.9,20.5,70.7,144.2,190.9,220.8,189,132,70.7,23.8,5.4,0.5,152.3,181.3,215.5,218.3,18.2,0,0,0,0,37.7,78.8,114.7,-7.8,-7.3,-2.8,2.7,8.1,14.2,17.2,14.4,8.9,2,-3.1,-6.1,-16.2,-16,-11.5,-5.9,0,5.6,8.9,6.7,2.3,-3,-9.3,-14,0.19,0.2,0.27,0.38,0.55,0.78,1.08,1,0.78,0.52,0.32,0.21,0.08,0.07,0.11,0.2,0.3,0.49,0.49,0.33,0.16,0.09,0.08,0.1,1.9,2.1,2.3,2.4,2.5,2.6,2.4,2.1,2.2,2.6,2.2,1.7
"FR-Bil",-0.956092,44.493652,-0.9375,44.4791666666667,4298,1093,20.4,31,56.8,72.2,87.5,80.4,60.3,61.5,65.9,51.8,31.6,21.4,0,0.4,5.1,10.7,19.6,41.9,70.2,56.3,22.8,4.8,0.3,0,20.4,31.5,62,82.9,107.1,122.3,130.5,117.8,88.7,56.6,31.9,21.4,88.8,70.3,64.5,71.6,67.7,57.2,40.9,57.3,79.8,87.2,107.8,108.8,61.7,38.5,15.8,11.3,3.9,2.9,2,2.9,4.3,8.4,39.1,70.1,126.4,128.6,120.4,108.5,84.7,58.6,37.2,30.1,39.8,66.7,103.8,121.1,54.5,93,141.1,190,225.4,248.3,249.3,218.9,172.7,109.1,64.3,46.7,1.4,0,0,0,0,0,0,0,0,0,0,0,9.7,11.6,15.7,17.5,20.8,23.7,25.5,26.2,23.7,19.9,14.1,10.3,2,2.8,4.9,6.7,10.3,13,14.8,14.8,13,10.1,6,3.2,0.8,0.8,0.9,1,1.29,1.52,1.74,1.78,1.54,1.33,1,0.85,0.17,0.27,0.43,0.5,0.59,0.71,0.76,0.78,0.7,0.47,0.28,0.17,3.1,3.1,3.3,3.3,3.3,3.1,2.9,2.6,2.7,2.8,2.8,3.1
"FR-FBn",5.67865,43.24079,5.6875,43.2291666666667,4457,1123,41,41.4,54.4,68.6,67.6,43.9,15.8,34.7,66,68.1,47.1,40.6,5.5,9.5,26.9,28.2,62.6,118,174.1,133.3,49.2,12.8,7.1,5.4,46.5,50.9,81.3,96.8,130.1,161.8,189.9,168.1,115.2,80.9,54.2,45.9,65.3,43.5,38.7,61.3,47.4,29.8,8.9,31.7,74.7,92.6,78.7,66.6,11.4,5.5,2,3.1,2.4,1.5,0.4,1.6,3.7,4.6,5.8,6.3,104.9,101.5,83.8,73.5,50.9,35.3,27.9,23.3,28.3,48.2,73.8,93.5,77.2,113.8,169.3,211.1,256.6,294.3,298.3,255.5,191.1,123.9,81.4,63.4,0,0,0,0,0,0,0,0,0,0,0,0,10.9,11.1,13.9,16.5,20.3,24.6,28,27.7,23.9,19.2,14,11.4,3.6,2.8,5.5,7.9,11.6,15.1,18.3,18.3,15.2,11.5,6.6,4.5,0.72,0.7,0.81,0.99,1.23,1.49,1.72,1.81,1.61,1.26,0.92,0.76,0.33,0.34,0.45,0.5,0.67,0.93,1.24,1.12,0.75,0.54,0.37,0.34,6.1,6.4,6.6,6.4,5.6,5.6,5.3,5.3,5.6,5.9,6.5,6.1
"FR-Fon",2.7801,48.47636,2.77083333333334,48.4791666666667,4387,997,15.2,20.5,44.8,60.7,77,68.9,62.9,53.9,46.1,38.1,20.3,14.9,0.1,0.4,5,15,24.2,49.2,68.8,60.9,28.4,4.1,0.1,0,15.3,20.9,49.9,75.7,101.2,118.1,131.7,114.8,74.5,42.2,20.5,14.9,51.5,42.3,46.3,46.9,59.7,53.5,57.8,50.1,50.7,61.4,52,54.8,23.5,19.5,11.3,6.2,3,2.7,2.9,2.5,2.5,4.1,7.3,18.1,97.5,101.1,93.1,73.2,52.9,34.9,26.8,20.5,22.6,41.9,66.2,86.8,39.2,69,123.9,180.3,220,240.4,236.2,200.2,150.6,90.3,44.1,31,3.2,1.9,0,0,0,0,0,0,0,0,0,1.2,6.5,7.4,12.4,15.4,19.5,22.7,25.1,24.7,20.5,15.9,9.9,6.8,0.8,0.5,2.5,4.6,8.3,11.3,13.7,13.3,10.3,7.7,3.8,1.8,0.7,0.68,0.79,0.88,1.16,1.38,1.53,1.53,1.35,1.16,0.88,0.74,0.12,0.16,0.3,0.43,0.53,0.69,0.86,0.81,0.5,0.28,0.14,0.11,4.4,4.2,4.3,4,3.6,3.3,3.2,3.2,3.3,3.6,3.6,4.2
"FR-Hes",7.06465,48.6741,7.0625,48.6875,4490,992,8.3,13.5,40.9,58.6,81.6,85.3,77.6,63.2,53.7,35.6,18.4,11.5,0,0,1.4,10.7,14.4,28.7,49.4,41.7,13.2,1.3,0,0,8.3,13.5,42.2,69.3,96,114,127,104.9,67,36.9,18.4,11.5,59.9,54.9,58.9,52,76.3,70.4,69.4,62.8,67.6,75.9,67.3,80.9,35.2,42.6,44.2,11.6,8.2,4.8,3.5,3.1,3.4,12.7,25.2,50.2,92.4,92.8,90.4,73.4,59.8,40,28.4,24.8,35.3,62.9,85.9,92.1,40.7,70.2,117.5,174,211.7,241.8,242.2,196.8,145.2,88,45.5,31.7,26.6,24.9,1.1,0,0,0,0,0,0,0,0.6,13.6,3.6,5.3,10,14.1,18.7,21.9,24.4,23.7,19.3,13.9,8.1,4.7,-1.6,-1.4,1.1,3.9,8.3,11.4,13.4,12.7,9.2,5.8,2,0,0.58,0.58,0.7,0.81,1.12,1.35,1.53,1.52,1.3,1.04,0.76,0.62,0.1,0.15,0.25,0.41,0.52,0.65,0.79,0.69,0.42,0.23,0.14,0.12,4,3.7,3.9,3.2,3,2.8,2.8,2.6,2.8,3,3.2,3.7
"FR-Pue",3.5957,43.7413,3.60416666666666,43.7291666666667,4407,1111,33,39.8,55.8,68.8,75.5,45.5,27.7,41.5,62.6,62.3,42.3,34.6,2.1,5.1,23.7,25.7,54.3,112.3,159.3,122.1,47.9,7.7,4.8,2.3,35.2,44.9,79.5,94.5,129.8,157.8,186.9,163.6,110.5,70,47.2,36.9,64.9,46.1,38.1,58.5,52.3,34,21.7,39,67.1,87,67.9,63.2,13.2,5.5,1.9,2.9,2.6,1.7,1.1,1.9,3.3,4.3,4.1,5.8,104.6,105.9,86.3,73,47.2,33.9,26.8,22.4,23.6,43.9,65.3,88,68.1,105.1,158.7,197,244,279.1,287.1,247.2,181.2,114.3,72.7,57.7,0.4,0,0,0,0,0,0,0,0,0,0,0,10.3,11.6,15.1,17.6,21.8,26.3,29.6,29,24.4,19.7,13.7,10.6,1.8,1.8,4.9,7.1,11.2,14.5,17.2,17,13.7,10.1,5.3,2.8,0.67,0.66,0.78,0.96,1.22,1.49,1.68,1.73,1.47,1.23,0.85,0.7,0.31,0.39,0.52,0.56,0.76,1.06,1.4,1.27,0.86,0.55,0.39,0.32,4,4,4.7,4.6,4.4,4.1,4.2,4,4,3.8,4.3,4.3
"IL-Yat",35.05198851,31.34504459,35.0625,31.3541666666667,5162,1408,49.7,55.3,53.4,18.7,4.7,2.5,1.7,1.3,1,6.1,26.7,39.2,6.9,9.4,49.4,120.6,177.4,201,208.2,195.4,162.9,118.6,56.1,20.6,56.6,64.7,102.8,139.3,182,203.5,210,196.7,163.9,124.6,82.8,59.8,67.4,65.5,44,10.2,0.7,0,0,0,0,5.5,32.7,48.5,3.8,5.2,2.2,0.5,0,0,0,0,0,0.3,1.6,2.8,35.4,40.4,28.8,19.7,15.7,13.2,11.4,10.1,9.1,8.3,12.7,19.2,129.1,162.8,205.6,250,292.2,323.8,321.4,298.3,251.4,196.6,149.3,124.6,0,0,0,0,0,0,0,0,0,0,0,0,13.7,14.9,18.1,23.1,27.2,30.4,31.4,31.7,30.3,27.5,21.4,15.9,4.9,5.5,7.4,10.3,13.5,16.3,18,18.4,17.3,14.5,10.5,6.7,0.74,0.75,0.82,0.86,0.99,1.23,1.44,1.58,1.49,1.24,0.96,0.83,0.49,0.56,0.75,1.19,1.61,1.88,1.91,1.84,1.68,1.44,0.97,0.58,2.5,2.7,3.2,3.2,3.2,3.4,3.2,3.2,3.2,2.6,2.4,2.4
"IT-Col",13.58814,41.84936,13.6041666666667,41.8541666666667,4647,1156,6.8,7.9,34.6,62.3,81.9,94.8,74.9,57,66.8,52.1,31,15.1,0,0,0.7,1.3,14.6,25.8,68.9,74,18.6,2.9,0,0,6.8,7.9,35.3,63.6,96.5,120.6,143.8,131,85.4,55,31.1,15.1,49.1,52.3,55,65.1,63.7,68.4,52.6,45.2,82.4,88.9,93,69.5,13.8,15.1,60.9,30.1,5.7,3.6,2.6,2.3,4.1,6.5,28.8,27.4,122.1,127,125.9,124.4,100.9,70.9,45.9,31.9,43.4,73.6,106.7,119.1,74.8,106.2,156.6,196.3,244.3,275.3,281.5,249.5,184.2,135.6,81.1,61,41.3,65.7,26.3,0.4,0,0,0,0,0,0,0.1,14.8,2.6,2.9,5.4,8.7,14.3,18.2,22.1,21.9,17.2,12.8,7.5,3.7,-2.5,-3,-1,1.7,6.4,9.7,12.7,12.6,8.9,6.1,2.3,-0.9,0.48,0.48,0.54,0.65,0.89,1.06,1.2,1.2,1.06,0.9,0.68,0.55,0.14,0.15,0.2,0.26,0.41,0.59,0.88,0.86,0.5,0.32,0.2,0.14,4.3,4.7,4.3,4,3.3,3.1,2.9,2.9,3.3,3.4,4,5
"IT-Cpz",12.37611,41.70525,12.3958333333333,41.6875,4618,1160,34.6,40.9,60.8,73.5,78.1,71.4,34.1,36.2,71.8,63.9,42.7,36.2,1,1.6,6.3,14,40.2,72.6,134.2,117.3,33.7,4.8,0.9,0.1,35.6,42.5,67.1,87.5,118.3,144,168.3,153.5,105.5,68.8,43.6,36.2,77.4,70.3,61.4,57.5,34.3,27.2,13,26.6,74.9,96.8,109.4,106.3,32.1,22,7,2.9,1.7,1.4,0.6,1.3,3.7,4.8,7.2,25.9,181.1,188.6,182.2,163.3,117.7,72.2,50.4,39.5,38.8,66.8,126.2,170.4,74.8,106.9,156.9,201.7,253.7,282.5,292.1,258.6,191.1,132.9,81.9,61.3,0,0,0,0,0,0,0,0,0,0,0,0,13.1,13.4,15.9,18.5,22.9,27.1,30.2,30.2,26.4,22.3,17.1,13.7,4.6,4.3,6.6,9.1,13.5,17.2,20.3,20.4,16.9,13.2,8.9,5.8,0.86,0.83,0.98,1.15,1.58,1.93,2.24,2.28,1.93,1.57,1.17,0.93,0.32,0.36,0.42,0.5,0.6,0.85,1.12,1.08,0.77,0.54,0.39,0.32,3.1,3.2,3.5,3.3,3,2.9,2.9,3,3.1,2.7,3.2,3.5
"IT-Lav",11.28132,45.9562,11.2708333333333,45.9375,4591,1058,2.3,6.8,32.1,52.1,63.2,68.8,68.4,68,52,35.9,20.3,5.1,0,0.2,2.8,10.8,27.8,38.6,52.2,36,17,5.6,0.9,0,2.3,7,34.9,63,90.9,107.3,120.6,103.9,69,41.6,21.3,5.1,18.3,19.4,27.8,40.2,61.6,67.7,70.6,71.3,62.6,64.7,45.3,27,3.7,4.5,20.5,6.9,4.6,3.4,3.6,3.6,6.4,17.7,19.8,6.2,32.2,33.4,29.7,20.7,14.7,10.2,8.8,8.6,12.7,23.7,28.8,30.8,60,95.6,143.6,186.4,223.4,243.5,248,213.8,163.7,110.1,62.5,48.8,24.1,31,9.9,0.1,0,0,0,0,0,0,0.2,13.8,2.4,3.8,7.2,10.6,16,19.8,22.7,22,17.8,12.7,7,3.2,-4.4,-4,-1.1,1.7,6.9,9.8,11.9,12,8.8,5.4,0.8,-2.7,0.41,0.41,0.54,0.65,0.95,1.2,1.35,1.34,1.15,0.82,0.56,0.43,0.18,0.23,0.25,0.34,0.46,0.57,0.74,0.7,0.45,0.37,0.27,0.21,1.4,1.5,1.8,2,1.8,1.8,1.6,1.5,1.5,1.3,1.4,1.3
"IT-Lsn",12.750297,45.740482,12.7708333333333,45.7291666666667,4627,1063,12.2,19.9,42.8,68.4,86.9,98.6,68,78.2,69.1,43.2,23.8,15.2,0.3,1.3,4.6,7.9,21.7,27.4,73.2,43,11.8,2.5,0.6,0,12.5,21.2,47.3,76.3,108.6,126,141.3,121.1,80.9,45.7,24.4,15.2,49.8,44.9,68.9,83.6,93,101.9,65.7,85.6,103.3,108.5,89.7,73.1,33.4,31.4,30.4,18.2,12.7,9.3,3.4,6,25.7,54.7,61.4,55.1,36.4,34.6,31.2,28.2,21.6,15.6,9.9,11.3,19.8,30.4,34.9,37,53.3,87.7,129.5,180.6,224,249.3,257.6,219,160.5,103.6,56.8,43.1,5.3,0.9,0,0,0,0,0,0,0,0,0,0.7,7,8.9,13.5,17.7,23.1,26.2,29.2,28.6,24.1,18.8,12.3,7.8,-0.5,0.5,4.3,8.5,13.5,16.5,18.8,18.5,14.4,9.7,4.7,0.5,0.6,0.65,0.78,0.98,1.37,1.71,1.97,1.95,1.59,1.26,0.86,0.65,0.2,0.25,0.42,0.6,0.83,0.95,1.17,1.1,0.75,0.43,0.29,0.2,1.3,1.5,1.7,1.9,1.7,1.6,1.6,1.4,1.5,1.4,1.4,1.3
"IT-MBo",11.04583,46.01468,11.0625,46.0208333333333,4586,1056,1.3,4.7,24,45.9,48.3,50.2,50.4,51.3,42.3,32.9,17.8,3.2,0,0.1,3.9,15,39.8,53.8,66.8,49.8,26.6,8.9,1.3,0,1.3,4.8,27.9,60.9,88.1,104,117.3,101.1,68.9,41.8,19.1,3.2,12.1,12.4,19.7,26.3,44.4,49.7,51.6,53.1,46.3,46.3,28.5,16.5,0.7,0.7,6.8,3.5,2.8,2.5,2.6,2.7,2.3,5.7,4.1,0.8,22,23.2,22.7,16.3,9.8,6.9,5.5,4.6,6.3,13.9,19.5,20.4,61.2,96.6,145,188.7,224.6,242.2,248.3,212.4,163.6,111.2,64.7,49.3,21.6,27.4,16.8,0.3,0,0,0,0,0,0,1,12.6,1.6,2.6,5.7,8.7,14,17.8,20.8,20.3,16.1,11.3,5.7,2.2,-5,-4.7,-2,0.7,5.5,8.5,10.7,10.8,7.8,4.6,-0.3,-3.5,0.39,0.37,0.47,0.58,0.85,1.06,1.24,1.23,1.01,0.77,0.51,0.38,0.17,0.22,0.26,0.31,0.41,0.52,0.65,0.62,0.44,0.33,0.25,0.22,1.9,1.9,2.2,2.3,2.1,2,1.9,1.8,1.8,1.7,1.8,1.8
"IT-Noe",8.15169,40.60618,8.14583333333334,40.6041666666667,4516,1186,47.2,46.3,63.7,78.2,76,62.1,25.5,18.6,49,59.4,56.3,47.5,2.1,3.9,6.2,15.4,51.3,76.2,138.6,135.2,61.3,10.5,2.5,1.2,49.4,50.1,70,93.6,127.3,138.3,164,153.8,110.3,69.9,58.8,48.8,100.1,73.7,78.1,68.5,32.9,29.2,5.8,9.4,45.5,89.1,124.4,87.1,32.3,20.9,17.4,6.9,1.6,1.5,0.3,0.5,2.3,4.5,8.3,16.3,158,164.6,161.6,145,100.2,65.8,45.8,36.1,30.4,55.6,115.4,138.7,80.5,114.9,169.9,214,264.6,297.8,308.3,266.3,201.7,140.8,89.8,68.1,0,0,0,0,0,0,0,0,0,0,0,0,14.3,14.1,15,17.9,21.7,25.3,28.6,28.7,25.6,22.3,18.4,15.2,7.9,7.1,7.6,10.3,13.3,16,19,19.6,17.2,14.7,12.2,9.6,0.93,0.92,1.01,1.15,1.42,1.93,2.23,2.15,1.89,1.73,1.23,1.05,0.43,0.4,0.38,0.51,0.66,0.61,0.84,0.97,0.75,0.46,0.55,0.42,4.2,4,4.2,4.2,3.9,3.6,3.7,3.6,3.6,3.5,4,4.5
"IT-Ren",11.43369,46.58686,11.4375,46.6041666666667,4595,1042,0.1,0.7,5.5,31.6,77.1,83,89.5,79.3,54.1,35.8,5.8,0.3,0,0,0,0,2.4,11.5,16.6,11.6,9.1,4.2,0,0,0.1,0.7,5.5,31.6,79.4,94.5,106.1,90.9,63.2,40,5.8,0.3,24.1,24.1,36.2,41.4,71.9,88.7,97,93.3,68,59,51.8,30.5,0.4,2.1,14.4,65.5,56.3,11.5,9.5,12.6,13.4,21.3,15.1,0.4,14.4,15,15.2,16.2,15,10.6,8.5,9.9,10.4,12,13.9,14.2,62.6,98.8,146.6,191.9,219.3,237.6,240.9,204.7,161.3,112.4,65.7,51,81.6,102.3,118.3,61.6,1.3,0,0,0,0,0.3,29.3,58.8,-0.4,0,2.2,5.2,10.5,14,17.1,16.4,12.4,8.5,2.7,0.1,-7.4,-7.4,-5.2,-2.3,2.4,5.4,7.7,7.8,4.9,1.7,-3.2,-6.2,0.3,0.31,0.39,0.48,0.67,0.86,1.03,1.03,0.82,0.62,0.45,0.31,0.18,0.18,0.18,0.23,0.33,0.4,0.48,0.44,0.34,0.29,0.17,0.19,2.5,2.4,2.6,2.7,2.6,2.5,2.3,2.2,2.3,2.3,2.4,2.4
"IT-Ro1",11.93001,42.40812,11.9375,42.3958333333333,4607,1143,22.9,28.4,33.4,40.8,37,23.5,11.7,18.9,38.1,43.5,31.3,26.7,2.4,8.2,29.2,41.2,80.9,119.1,158.8,133.4,66.4,19.3,3.9,1.4,25.3,36.6,62.6,82.1,117.9,142.7,170.5,152.2,104.5,62.7,35.2,28.2,36.8,32.3,25.5,31.9,27.7,18.2,7.9,16.6,37.6,46.6,50.8,42.1,1.8,1.6,1.3,1.6,1.4,0.9,0.4,0.8,1.9,2.3,2.5,2.1,63.8,66.1,56.9,46.3,35.6,29.5,25.3,22.3,19.9,20.8,37.7,51,73,105.2,151.6,196.3,249.3,272.8,288.5,253.1,185,127.7,77.4,58.8,0,0,0,0,0,0,0,0,0,0,0,0,9.5,11,14.1,17.3,22.5,26.8,30.3,29.9,25.5,20.1,14.2,10.3,3.2,3.4,5.8,8.1,12.6,16,19,19.2,15.9,12.2,7.6,4.4,0.75,0.72,0.84,1.04,1.39,1.62,1.83,1.94,1.6,1.34,1.02,0.79,0.23,0.33,0.43,0.5,0.72,1.06,1.45,1.31,0.96,0.56,0.32,0.26,2.4,2.6,2.8,2.6,2.4,2.3,2.4,2.5,2.4,2.1,2.4,2.8
"IT-Ro2",11.92093,42.39026,11.9375,42.3958333333333,4607,1143,22.9,28.4,33.4,40.8,37,23.5,11.7,18.9,38.1,43.5,31.3,26.7,2.4,8.2,29.2,41.2,80.9,119.1,158.8,133.4,66.4,19.3,3.9,1.4,25.3,36.6,62.6,82.1,117.9,142.7,170.5,152.2,104.5,62.7,35.2,28.2,36.8,32.3,25.5,31.9,27.7,18.2,7.9,16.6,37.6,46.6,50.8,42.1,1.8,1.6,1.3,1.6,1.4,0.9,0.4,0.8,1.9,2.3,2.5,2.1,63.8,66.1,56.9,46.3,35.6,29.5,25.3,22.3,19.9,20.8,37.7,51,73,105.2,151.6,196.3,249.3,272.8,288.5,253.1,185,127.7,77.4,58.8,0,0,0,0,0,0,0,0,0,0,0,0,9.5,11,14.1,17.3,22.5,26.8,30.3,29.9,25.5,20.1,14.2,10.3,3.2,3.4,5.8,8.1,12.6,16,19,19.2,15.9,12.2,7.6,4.4,0.75,0.72,0.84,1.04,1.39,1.62,1.83,1.94,1.6,1.34,1.02,0.79,0.23,0.33,0.43,0.5,0.72,1.06,1.45,1.31,0.96,0.56,0.32,0.26,2.4,2.6,2.8,2.6,2.4,2.3,2.4,2.5,2.4,2.1,2.4,2.8
"IT-SR2",10.29091,43.73202,10.2708333333333,43.7291666666667,4567,1111,30.2,36.3,57.7,76.4,95.6,91.7,63.8,58.3,80.1,59.9,37.3,38.1,0.4,1.9,7.9,8.1,29.5,53.2,106,90.9,24.1,3.7,1,0.2,30.6,38.2,65.6,84.5,125.2,145,169.8,149.2,104.1,63.6,38.2,38.3,67.3,55.6,56.5,80.6,57.3,43.1,19.7,42.6,93.7,133.5,130.3,90.6,21.7,17.5,10.7,7.6,2.9,2.2,1,2.1,4.7,8.4,35,31.7,223.1,225,213.1,209.8,168.6,117.8,72.7,54.8,63.8,129,186.9,207.8,65.2,100.1,144.1,189.9,250.8,278.7,292.2,250.1,177.4,118.5,66.2,50.9,0,0,0,0,0,0,0,0,0,0,0,0,10.7,11.5,15.1,18.3,22.9,26.7,29.9,29.7,25.6,20.5,14.8,11.6,2.8,2.7,6.2,9.2,13.3,16.5,19.1,19.1,15.7,11.8,7.3,4.5,0.79,0.76,0.91,1.15,1.44,1.83,2.04,2.16,1.75,1.46,1.07,0.79,0.24,0.3,0.43,0.49,0.74,0.88,1.2,1.06,0.8,0.45,0.29,0.32,4.1,3.9,4,3.7,3.3,3.3,3,3.2,3.5,3.6,4,4.2
"IT-SRo",10.28444,43.72786,10.2708333333333,43.7291666666667,4567,1111,30.2,36.3,57.7,76.4,95.6,91.7,63.8,58.3,80.1,59.9,37.3,38.1,0.4,1.9,7.9,8.1,29.5,53.2,106,90.9,24.1,3.7,1,0.2,30.6,38.2,65.6,84.5,125.2,145,169.8,149.2,104.1,63.6,38.2,38.3,67.3,55.6,56.5,80.6,57.3,43.1,19.7,42.6,93.7,133.5,130.3,90.6,21.7,17.5,10.7,7.6,2.9,2.2,1,2.1,4.7,8.4,35,31.7,223.1,225,213.1,209.8,168.6,117.8,72.7,54.8,63.8,129,186.9,207.8,65.2,100.1,144.1,189.9,250.8,278.7,292.2,250.1,177.4,118.5,66.2,50.9,0,0,0,0,0,0,0,0,0,0,0,0,10.7,11.5,15.1,18.3,22.9,26.7,29.9,29.7,25.6,20.5,14.8,11.6,2.8,2.7,6.2,9.2,13.3,16.5,19.1,19.1,15.7,11.8,7.3,4.5,0.79,0.76,0.91,1.15,1.44,1.83,2.04,2.16,1.75,1.46,1.07,0.79,0.24,0.3,0.43,0.49,0.74,0.88,1.2,1.06,0.8,0.45,0.29,0.32,4.1,3.9,4,3.7,3.3,3.3,3,3.2,3.5,3.6,4,4.2
"IT-Tor",7.57806,45.84444,7.5625,45.8541666666667,4502,1060,0,0,0,1,46,85.3,84.7,80,57.9,33.4,1.1,0,0,0,0,0,0,0.9,19.7,16.6,8.4,1.5,0,0,0,0,0,1,46,86.3,104.4,96.6,66.3,34.9,1.1,0,91,88.5,104.6,122.5,121.1,85.5,84.7,94,88.2,109.1,121.8,111.7,0,0.5,0.7,9.3,448.8,241.4,10.6,14.6,27.9,61.2,14.4,0,19.1,19.3,19.3,19.3,20.4,19.6,12.7,12.1,14.5,19,19.1,19.1,77.5,118.4,166.7,208.9,246.5,274.3,269,231.4,177.9,126.1,78.5,64.3,315.1,402.8,506.7,618.9,244.1,3.7,0,0,0,9.9,116.2,227.9,-2.6,-2.9,-1.5,0.6,5.2,9.4,12.8,13.3,9.5,5.4,0.7,-1.6,-8.8,-9.2,-8.1,-6.1,-1.5,2.3,5.8,6.6,3.7,0.4,-4.7,-7.5,0.27,0.26,0.32,0.41,0.56,0.71,0.83,0.83,0.68,0.54,0.37,0.27,0.15,0.15,0.13,0.1,0.16,0.24,0.38,0.43,0.32,0.23,0.18,0.18,3.8,3.9,4.2,4.1,3.9,3.7,3.6,3.4,3.7,3.5,3.9,3.9
"NL-Hor",5.0713,52.24035,5.0625,52.2291666666667,4442,907,13.9,16.7,34.7,53.2,73.2,71.3,72.8,67.2,53.2,35.3,17.6,13.3,0,0.1,1,9.3,16.8,25.8,33,24.5,5,0.1,0,0,13.9,16.7,35.8,62.5,90,97.1,105.8,91.7,58.2,35.5,17.6,13.3,74,59.3,66.8,44.5,61.7,68.2,76.4,75.5,82.9,87.6,84.8,84.1,54.5,44.2,41.5,7,4.8,4.6,4.9,5.3,15.9,31.9,62.7,64.6,74.3,74.2,72.5,57.5,41.3,33.6,32.3,35.3,49.1,69.5,74,74.3,28.4,54.9,95.1,159.6,198.4,209.5,205.5,172.1,120.7,73.2,34.9,21.8,9.9,8.5,0.7,0,0,0,0,0,0,0,0.1,6,5.9,6.2,9.4,12.4,17.2,19.9,22.2,22,18.7,14.4,9.6,6.3,0.4,0.2,2.5,5.7,8.5,10.9,13.2,12.9,10.3,7.2,4.1,1.3,0.67,0.65,0.77,0.84,1.1,1.34,1.53,1.53,1.37,1.11,0.88,0.7,0.12,0.15,0.2,0.34,0.45,0.49,0.58,0.55,0.35,0.23,0.14,0.12,5.1,4.8,4.8,3.9,4,3.8,3.5,3.5,3.6,4.1,3.9,4.2
"NL-Loo",5.74356,52.16658,5.72916666666666,52.1458333333333,4458,909,12,15.3,36.7,56.5,76.4,74.3,72.3,68.4,52.9,33.7,15.5,10.2,0,0.1,1,9.8,18,25.3,34.4,22.9,6.5,0.2,0,0,12,15.3,37.6,66.3,94.3,99.6,106.7,91.4,59.4,33.9,15.5,10.2,78.7,59.2,70.2,47.2,66.6,73.9,73.9,79.1,74.9,75.3,79.5,83.8,59.2,46.4,45.1,7,5.6,5.5,4.3,6,11.9,23,56.5,65.8,70.1,70,68.4,53,37.6,31.7,28.9,33.6,43.7,62.4,69.6,70.1,28.4,55.1,95.3,157.8,197.9,206.6,202,170,121.2,73.8,35.2,22,13.2,10.9,0.9,0,0,0,0,0,0,0,0.3,7.6,5.3,6,9.5,13.6,17.9,20.3,22.5,22.2,18.9,14.1,8.8,5.4,-0.1,-0.1,2.4,5,8.4,10.7,13.1,12.8,10.1,6.8,3.5,0.5,0.66,0.65,0.75,0.83,1.08,1.31,1.5,1.53,1.35,1.1,0.86,0.69,0.11,0.14,0.22,0.39,0.51,0.54,0.63,0.56,0.38,0.21,0.11,0.09,5,4.7,4.6,3.8,3.9,3.6,3.3,3.2,3.5,4,3.8,4.2
"RU-Fy2",32.9019,56.4476,32.8958333333333,56.4375,5110,806,0,0.2,1.1,50.5,82.4,87,86.1,68.1,43.5,23.9,3.4,0.3,0,0,0,0,10.9,14.8,24.5,16.6,4.4,0.3,0,0,0,0.2,1.1,50.5,93.4,101.8,110.6,84.7,47.9,24.2,3.4,0.3,47.5,37.4,36,31.6,64.9,86.4,88.1,83.4,65.3,71.3,52.3,51,0,2.1,8.3,163.8,7.4,9.2,7.3,13.5,14.4,28.7,13,1.3,77.5,78.5,78.5,81.8,63,53.1,47.8,49.6,57,74.4,77.5,77.5,20,50.6,99.5,149.7,210.6,226.4,227,173.4,111.3,49.6,20.8,13.1,131.6,165.6,192.1,6.1,0,0,0,0,0,1.3,34.2,83.6,-4.1,-3.7,0.5,10.2,17.6,20.6,23.1,21,15,8.2,1.2,-2.8,-9.8,-10.7,-7.6,0.6,6.2,9.8,12.4,10.6,6.1,1.9,-3.5,-7.9,0.3,0.29,0.38,0.59,0.89,1.26,1.48,1.38,1.02,0.73,0.48,0.35,0.08,0.09,0.12,0.37,0.6,0.57,0.67,0.52,0.31,0.18,0.11,0.08,3.1,3,2.8,2.7,2.6,2.4,2.1,2.2,2.3,2.9,2.8,3
"RU-Fyo",32.92208,56.46153,32.9375,56.4791666666667,5111,805,0,0.2,0.6,50.5,82,86.8,85.9,68.1,43.5,23.7,3.5,0.3,0,0,0,0,11.2,15,24.7,16.6,4.3,0.3,0,0,0,0.2,0.6,50.5,93.1,101.7,110.6,84.7,47.8,24,3.5,0.3,47.5,36.3,34.9,30.7,63.8,86.4,88.2,83.4,65.3,70.2,52.3,50.1,0,2,5.1,163.8,6.9,9.2,7.3,13.4,14.4,28.1,13,1.3,76.5,77.5,77.6,80.9,61.7,52.1,47.1,49,56.4,73.4,76.5,76.5,19.9,50.8,100.2,150.2,211.1,225.9,226.6,173.4,111.2,49.8,20.8,13.1,130.6,163.6,192.7,5.9,0,0,0,0,0,1.5,34.2,82.6,-4.1,-3.7,-0.1,10.3,17.5,20.6,23.1,21,14.9,8.2,1.3,-2.7,-10,-10.8,-8.2,0.6,6.2,9.8,12.4,10.6,6.1,1.8,-3.5,-7.9,0.3,0.29,0.38,0.59,0.89,1.27,1.48,1.38,1.02,0.72,0.48,0.35,0.08,0.09,0.1,0.37,0.6,0.57,0.67,0.52,0.31,0.18,0.11,0.08,3,3,2.8,2.7,2.6,2.4,2.1,2.2,2.3,2.9,2.8,2.9
"SE-Deg",19.556539,64.182029,19.5625,64.1875,4790,620,0,0,0.1,24.4,71.9,78.8,79.1,59.1,33.9,9.1,0.1,0,0,0,0,0,3.5,17.5,16.1,8.3,1.6,0,0,0,0,0,0.1,24.4,75.4,96.3,95.2,67.4,35.5,9.1,0.1,0,41.7,32.8,37,26.6,45.5,56.4,83.5,85.5,59.9,61,54.1,43.6,0,0,1.4,124,64.9,5.3,9.4,17.5,16.4,31.7,3.2,0.3,93.5,94.1,94.4,99.5,93.9,66.7,61.6,70.5,80.1,92.9,93.5,93.5,6.3,28.7,83.2,148.9,198.5,221.8,203.8,150.1,90.9,37.7,10.3,3.2,145.5,177.7,212.9,86.1,0.4,0,0,0,0,7.6,57.7,101,-5,-4.1,-0.1,6.1,12.8,17.4,20.1,17.7,12.2,5.6,-0.7,-3.8,-13.4,-13.2,-9.5,-2.8,2.2,7.3,10.2,8.6,4.1,-0.6,-7.1,-11.9,0.3,0.28,0.34,0.47,0.66,0.9,1.23,1.16,0.85,0.64,0.45,0.32,0.03,0.07,0.12,0.25,0.45,0.62,0.58,0.43,0.28,0.12,0.03,0.05,1.7,1.6,2.1,2.1,2.4,2.3,2.1,1.8,1.9,2.1,1.8,1.6
"SE-Htm",13.41897,56.09763,13.4375,56.1041666666667,4643,814,3.7,5.2,20,49.6,70.1,79.3,80.8,70.7,44.3,24.3,10.7,3.8,0,0,0.1,2.8,14.4,17.8,21.6,11.3,1.9,0,0,0,3.7,5.2,20,52.5,84.5,97.1,102.4,81.9,46.2,24.3,10.7,3.8,80.3,61.6,61,44.4,53,81,86.1,84.2,82.7,91.9,86.5,89.2,44.5,37.1,79.2,53.8,5.7,8.3,10.4,7.9,24.5,50,70.3,47,87.8,87.8,87.7,82.9,61.4,54.7,49.6,55.2,69.1,86.7,87.8,87.8,19.4,43.2,96.9,163.4,210.2,222.7,218.5,173.1,111.3,58.9,22.7,12.9,74.2,93.5,55.4,1.3,0,0,0,0,0,0,4.3,42.8,1.9,2.2,5,9.6,14.7,17.8,20.2,19.5,15.1,10.5,6,2.2,-3.2,-3.4,-1.4,2,6.8,10.2,12.5,12.2,8.8,5.1,0.8,-1.8,0.53,0.5,0.55,0.67,0.91,1.15,1.38,1.39,1.17,0.91,0.69,0.54,0.08,0.11,0.17,0.29,0.43,0.5,0.55,0.46,0.26,0.18,0.11,0.09,3.5,3.5,3.4,2.9,3.1,3.1,2.7,2.8,2.8,2.9,2.6,2.4
"SE-Nor",17.479504,60.0865,17.4791666666667,60.1041666666667,4740,718,0.8,1.8,8.8,49.6,71.7,82.6,85.6,68.8,38.8,18.8,4.2,0.6,0,0,0,1,16.2,20.8,23.7,10.6,4.5,0,0,0,0.8,1.8,8.8,50.6,87.9,103.4,109.3,79.4,43.3,18.8,4.2,0.6,41.2,32.4,33.7,33,41.7,60.4,72.7,78.6,57.1,53.6,54,49.2,3.8,10.4,27.5,81.2,2.3,3.2,3.7,4.7,4.2,12.2,17.2,6,155.5,157.7,161.5,162.7,135.5,110.1,93.5,98.6,112.7,135.2,150.3,151.9,13.1,36.7,95.3,160.5,212,231.8,226.4,169.2,108.5,47.7,17.1,7.7,92.5,110.5,104.1,5.1,0,0,0,0,0,0.1,17.5,58.6,-0.5,-0.1,3,9,15.5,18.9,22.1,20,14.6,8.7,3.4,0.2,-5.8,-6.2,-3.4,0.4,4.8,9.1,12.4,11.3,7.4,3.2,-0.8,-4.8,0.42,0.39,0.45,0.57,0.81,1.07,1.43,1.39,1.08,0.81,0.6,0.46,0.09,0.12,0.17,0.33,0.51,0.61,0.65,0.46,0.28,0.15,0.09,0.07,3.2,3.1,3.1,3,2.9,2.8,2.6,2.5,2.5,2.7,2.8,2.7
"SE-Ros",19.738,64.1725,19.7291666666667,64.1875,4794,620,0,0,0.2,25.4,72,79.3,81.2,60.4,33.6,9.3,0.1,0,0,0,0,0,3.8,17.2,14.8,7.8,1.7,0,0,0,0,0,0.2,25.4,75.8,96.5,96.1,68.2,35.3,9.3,0.1,0,43.8,33.9,37,25.7,45.6,57.5,86.9,87.5,57.9,61.1,54,44.6,0,0,1.4,128.8,61.6,5.6,10.2,18.9,15.5,31,3.5,0.3,102.6,103,103.9,109.1,102.9,75.8,71.3,79.4,88.2,101.9,102.6,102.6,6.3,28.8,82.6,149.2,198.3,220.4,203.7,149.4,90.5,37.4,10.3,3.1,147.6,181.1,215.6,81.9,0.3,0,0,0,0,7,56.8,101.1,-5.4,-4.6,0,6.1,12.9,17.6,20.2,18,12.3,5.7,-0.7,-3.9,-13.7,-13.8,-9.3,-2.7,2.4,7.5,10.5,8.9,4.3,-0.5,-7,-11.9,0.31,0.28,0.34,0.47,0.66,0.91,1.24,1.17,0.87,0.64,0.45,0.32,0.02,0.06,0.13,0.26,0.45,0.63,0.59,0.45,0.27,0.12,0.04,0.05,1.7,1.6,2.1,2.1,2.4,2.2,2.1,1.8,1.9,2.1,1.8,1.6
"SE-Svb",19.7745,64.25611,19.7708333333333,64.2708333333333,4795,618,0,0,0.1,19.4,71.2,79.1,82.4,59.8,32.5,9,0.1,0,0,0,0,0,1.2,15.2,11.7,6.7,1.5,0,0,0,0,0,0.1,19.4,72.4,94.3,94.1,66.5,34,9,0.1,0,44.9,33.9,37,26.6,46.9,59.6,92.4,88.4,56.1,60,53,44.6,0,0,1.1,106,91.3,6.6,13,23.1,16.7,31,3.7,0.3,104.7,105.2,105.4,109.7,108.6,83.1,80.1,85.6,92.5,104.3,104.7,104.7,6.2,28.9,82.6,149.1,198.1,220.1,203.4,149.9,89.8,37.5,10.2,3.1,149.3,182.7,218.2,115.2,0.7,0,0,0,0,8.2,57.1,101.4,-5.1,-4.4,-0.3,5.5,12,17,19.8,17.4,12,5.4,-0.7,-4,-13.5,-13.6,-9.7,-3.4,1.5,6.8,9.9,8.3,3.9,-0.7,-7.1,-12,0.3,0.27,0.33,0.46,0.65,0.88,1.21,1.15,0.87,0.63,0.44,0.31,0.04,0.08,0.12,0.23,0.4,0.59,0.56,0.41,0.25,0.12,0.04,0.05,1.8,1.7,2.2,2.1,2.5,2.3,2.1,1.8,1.9,2.2,1.9,1.7
"US-Bar",-71.2881,44.0646,-71.2708333333333,44.0625,2610,1103,0,0,4.6,67.9,92,98.4,105.7,94.1,72.3,51,17.7,0.1,0,0,0,0,6.8,13.1,15.5,13.9,4.1,1.1,0,0,0,0,4.6,67.9,98.8,111.5,121.2,108,76.3,52.1,17.7,0.1,78.7,91.1,92.4,104.9,110.4,113.6,111,114.6,92.7,114.7,130.3,112.6,0,0.8,43.5,382.5,34.2,23.1,13.4,15.8,16.6,51.8,80.1,1.5,54.9,54.9,54.9,54.9,45.4,37.5,29.3,34.1,37.9,49.7,54.9,54.9,67,104.3,147.3,188.9,211.8,233.2,230.3,207.8,158.8,104.8,63.7,52.4,217.1,307.4,351.8,6.3,0,0,0,0,0,0,27.3,138.2,-1.9,0.3,4.8,11.8,18.5,23.5,25.8,25.2,20.8,14.1,6.9,0.7,-14.5,-13.1,-7.6,-1,4.2,9.9,12.2,11.3,7.1,1.1,-3.3,-9.9,0.27,0.27,0.38,0.57,0.89,1.38,1.65,1.61,1.23,0.77,0.55,0.34,0.11,0.16,0.23,0.41,0.6,0.68,0.74,0.68,0.51,0.38,0.2,0.13,3.1,3.4,3.4,3.3,3.1,2.6,2.4,2.2,2.4,2.9,3.1,3.2
"US-Blo",-120.6328,38.8953,-120.645833333333,38.8958333333333,1425,1227,35.4,41.5,65.5,87.1,103.2,100.5,82.1,45,39.6,63.3,48.3,36.9,0.2,0.7,3,8.3,31.3,67.8,110.9,137.3,97,28.2,3.1,0.7,35.7,42.2,68.5,95.3,134.6,168.4,193,182.3,136.6,91.5,51.4,37.6,251.7,236.5,211.8,136.5,60.8,17.9,3.1,6.5,23.4,87,199.2,304.9,178.2,181.6,145.2,60.7,5.4,0.9,0.2,0.3,1.2,4.4,34.9,171.4,332,346,347.3,336.2,288.4,204.9,125.8,87,69.6,89.1,205,300.6,81.8,114.6,180.5,221.9,273.5,319.1,324.7,289,236.2,166.1,103.5,72.3,1.2,0.5,0.2,0,0,0,0,0,0,0,0,1,9.6,9.9,11.4,14.3,19,23.9,28.2,28.8,25.7,20.1,13,9.4,-0.7,-0.7,0.1,2.1,5.4,9.2,12.5,12.9,10.3,6.8,1.8,-0.4,0.51,0.54,0.58,0.59,0.72,0.83,0.94,0.89,0.8,0.67,0.57,0.48,0.38,0.37,0.41,0.59,0.85,1.24,1.71,1.85,1.5,1.01,0.54,0.41,2.3,2.7,3,3.1,3.2,3.3,3,2.9,2.6,2.4,2.4,2.4
"US-Dk2",-79.1004,35.9736,-79.1041666666667,35.9791666666667,2422,1297,35.3,47.6,77.8,93.6,111.6,107.7,118.6,106.5,82.3,69.2,48.7,37.9,0.3,1.3,4.2,17,19.3,31,29.3,25.3,23.9,9,4.6,0.9,35.7,48.9,81.9,110.6,130.9,138.6,147.9,131.8,106.2,78.2,53.3,38.7,90.2,86.1,105.7,81.2,100.9,102.7,112.7,116,97.1,88.4,89.4,86,37.4,39.1,32.9,10,8.9,9.6,6.7,8.1,10.3,8.9,20.2,27.1,132.5,137.3,132.5,110.1,90.5,75.9,63.4,64.9,69.4,79.8,100.4,119,99.1,128,175.4,216.5,245.1,248.2,244.7,219.5,186.4,145,106.5,89.9,5.6,0.2,0,0,0,0,0,0,0,0,0,2.5,9.9,12.3,16.9,22.1,26,30.1,31.9,30.9,27.5,22.3,17.2,11.5,-2,-0.6,3,7.7,12.4,17.6,19.6,18.9,15.1,8.3,3.6,-0.7,0.54,0.56,0.73,0.99,1.48,2.02,2.31,2.27,1.82,1.21,0.84,0.59,0.35,0.46,0.63,0.88,0.94,1.14,1.21,1.08,0.9,0.7,0.55,0.4,2.6,2.6,2.9,2.9,2.5,2.1,2,1.9,2.2,2,2.2,2.3
"US-Dk3",-79.0942,35.9782,-79.1041666666667,35.9791666666667,2422,1297,35.3,47.6,77.8,93.6,111.6,107.7,118.6,106.5,82.3,69.2,48.7,37.9,0.3,1.3,4.2,17,19.3,31,29.3,25.3,23.9,9,4.6,0.9,35.7,48.9,81.9,110.6,130.9,138.6,147.9,131.8,106.2,78.2,53.3,38.7,90.2,86.1,105.7,81.2,100.9,102.7,112.7,116,97.1,88.4,89.4,86,37.4,39.1,32.9,10,8.9,9.6,6.7,8.1,10.3,8.9,20.2,27.1,132.5,137.3,132.5,110.1,90.5,75.9,63.4,64.9,69.4,79.8,100.4,119,99.1,128,175.4,216.5,245.1,248.2,244.7,219.5,186.4,145,106.5,89.9,5.6,0.2,0,0,0,0,0,0,0,0,0,2.5,9.9,12.3,16.9,22.1,26,30.1,31.9,30.9,27.5,22.3,17.2,11.5,-2,-0.6,3,7.7,12.4,17.6,19.6,18.9,15.1,8.3,3.6,-0.7,0.54,0.56,0.73,0.99,1.48,2.02,2.31,2.27,1.82,1.21,0.84,0.59,0.35,0.46,0.63,0.88,0.94,1.14,1.21,1.08,0.9,0.7,0.55,0.4,2.6,2.6,2.9,2.9,2.5,2.1,2,1.9,2.2,2,2.2,2.3
"US-Fmf",-111.7273,35.1426,-111.729166666667,35.1458333333333,1639,1317,4.2,11.2,56.7,69.4,28.2,12,68.6,77.1,49.6,35.7,27.3,2.7,0,0.5,4.2,43.9,130.4,178.3,107.6,71.7,77.7,62.8,22.1,0.6,4.2,11.7,60.9,113.3,158.5,190.3,176.2,148.7,127.3,98.5,49.5,3.3,56.5,61.2,53,26.7,16.7,9.3,70.3,79.9,52.2,36.3,40.8,45,2.3,16.1,57,10.2,0.9,0.5,3.5,4,2.6,1.8,3.8,0.5,15.2,26.3,38.9,24.3,12.9,9.7,7.9,6.7,6.7,5.5,12.1,14.5,126.1,153.1,219,265.5,311,328.5,282.1,243.2,228.8,188.5,140.5,112.9,89.8,112.6,39.3,0.9,0,0,0,0,0,0,3.2,42.5,5.2,6.6,9.6,13.9,19.3,24.9,27,25.6,22.6,17,10.4,5.3,-8.4,-7,-4.8,-1.9,1.8,5.7,10.3,9.9,5.9,0.4,-4.4,-8.5,0.35,0.35,0.38,0.41,0.5,0.56,0.95,1.07,0.81,0.53,0.4,0.33,0.26,0.33,0.43,0.66,0.97,1.49,1.48,1.19,1.04,0.76,0.46,0.28,3.3,3.5,3.6,4.2,4,3.9,3.2,2.9,3.1,3.3,3.3,3.2
"US-Fuf",-111.762,35.089,-111.770833333333,35.1041666666667,1638,1318,4.6,10.3,53.3,74.5,32.4,12.7,71.9,80.1,50.5,36.8,28.3,3.3,0,0.4,3.4,37,124.3,175.7,104.1,69,76.6,62.2,22.2,0.7,4.6,10.7,56.6,111.5,156.7,188.4,176,149.1,127.1,99,50.4,4.1,58.5,63.2,55.4,26.8,16.6,9.3,73.3,82.9,53.1,37.2,42.7,47.3,2.5,14.3,55,16.2,0.9,0.5,3.7,4.2,2.7,1.9,3.5,0.6,17.8,29.6,45.4,30.3,15.4,11.5,9.3,8,8,6.6,14.1,17.1,126.2,153.3,218.7,265.9,310.7,329,283.1,244.6,229.1,188.7,140.7,113.1,92.4,119.3,50.6,1.8,0,0,0,0,0,0,3.3,43.8,5.2,6.4,9.2,13.5,18.8,24.4,26.7,25.3,22.4,16.8,10.3,5.4,-8.3,-7.1,-5,-2.1,1.6,5.5,10.3,9.8,5.8,0.4,-4.2,-8.2,0.35,0.34,0.38,0.4,0.49,0.54,0.94,1.06,0.79,0.52,0.39,0.32,0.27,0.33,0.42,0.65,0.95,1.45,1.45,1.17,1.03,0.77,0.47,0.3,3.3,3.6,3.7,4.2,4.1,4,3.3,3,3.1,3.3,3.4,3.3
"US-GLE",-106.2399,41.36653,-106.229166666667,41.3541666666667,1771,1168,0.1,0,0,2.7,64.4,99.5,63.8,49.6,43.7,27.8,1,0,0,0,0,0,0,20.5,78.1,80,60.2,22.8,0,0,0.1,0,0,2.7,64.4,120,141.8,129.5,103.9,50.6,1,0,32.7,30.6,35.4,58,52.1,55.5,47.1,47.8,43.6,39.4,35,34.8,0,0,0,0.4,88.5,60.9,2.4,2.4,2.2,1.5,0,0,10.3,10.3,10.3,15,44.4,33.1,14.8,10.6,8.4,10.1,10.2,10.2,88.3,122,172.5,202.9,253.2,278.2,277.6,233.1,194.1,138,90.8,75.3,108.4,139,174.4,224.6,94.3,0.7,0,0,0,8.5,42.3,77.1,-0.9,-2.1,0.3,3.6,8.7,14,18.8,18.3,14.5,8,1.6,-1.5,-11.3,-13.2,-12,-9.2,-5.1,-1.1,2.9,2.7,-0.6,-4.6,-9.4,-11.8,0.19,0.18,0.23,0.28,0.39,0.52,0.68,0.64,0.45,0.31,0.22,0.17,0.23,0.2,0.21,0.28,0.38,0.57,0.79,0.79,0.67,0.45,0.28,0.23,6.1,5.4,5.2,5.2,5,4.7,4,4,4.5,5.3,5.4,6
"US-Ha1",-72.1715,42.5378,-72.1875,42.5208333333333,2588,1140,0,0,8.6,66.4,91,95.3,101.3,91.3,68.5,55.8,32.8,2.1,0,0,0,0.3,7.3,12.5,24.2,22.5,14.4,2.7,0.1,0,0,0,8.6,66.7,98.3,107.8,125.5,113.8,82.9,58.5,32.9,2.1,74.8,79.2,90.6,95.5,98.7,109.2,99,93.7,85.4,96.3,102.5,94.2,0.4,0.1,57.9,282.6,24,27.7,10.9,6,13.7,23.3,49.6,7.1,93.3,93.8,95.5,95,82.7,68.9,55.8,52.2,55.4,72.6,91.3,93.7,70.3,106.8,147.6,189.4,215.2,232.4,237.8,209.4,161.6,112.3,70.2,58.3,155.8,234.5,256.8,4,0,0,0,0,0,0,1.4,84,-0.7,0.6,5.1,11.7,18.6,23.2,26.2,26.2,22.2,15.7,9.2,2.6,-11.8,-11.1,-6.4,-0.7,4.7,10.1,13.3,13.2,9.1,2.7,-1.2,-7.2,0.3,0.31,0.41,0.61,0.94,1.46,1.72,1.69,1.31,0.83,0.58,0.38,0.12,0.15,0.23,0.38,0.57,0.6,0.77,0.78,0.62,0.44,0.29,0.18,3.1,3.4,3.5,3.3,3.1,2.6,2.5,2.3,2.4,2.8,3,3.1
"US-Ho1",-68.7402,45.2041,-68.7291666666667,45.1875,2671,1076,0,0,3.1,65.3,90.8,98.9,95.6,85.2,70.3,47.3,17,0.1,0,0,0,0,9.4,18.1,28.1,28,6.6,2.1,0,0,0,0,3.1,65.3,100.2,117,123.8,113.2,76.9,49.4,17,0.1,68.8,67.6,71.3,83.2,93,97.4,96.1,94,98.7,96,124.1,100.8,0,0.4,23.2,312.7,23.3,12.2,9.2,7.6,17.1,36.9,71.3,1,62.1,62.1,62.3,62.7,48.8,35.1,26.3,27.5,38.9,50.8,61.9,62.1,64.2,101.7,147.6,186.7,216,238.1,230,210.2,159,101.2,59.5,50.9,190.6,257.8,302.5,7.3,0,0,0,0,0,0,24.8,124.3,-3.1,-0.5,3.9,10.9,18.2,23.5,26,25.6,20.7,13.6,6.5,0.3,-15.4,-13.9,-8.1,-0.9,4.5,10.1,12.9,12.1,7.6,1.7,-2.8,-9.8,0.25,0.27,0.36,0.55,0.86,1.3,1.62,1.57,1.23,0.77,0.55,0.35,0.1,0.14,0.22,0.39,0.62,0.78,0.82,0.79,0.53,0.35,0.19,0.11,3.1,3.3,3.5,3.4,3.1,2.6,2.4,2.4,2.6,2.9,3.2,3.1
"US-IB2",-88.24103,41.84062,-88.2291666666667,41.8541666666667,2203,1156,0.6,2.4,40.8,82.9,100.4,104,103.2,94.7,74.7,60.1,32.5,1.5,0,0,0,4.7,21.3,33.7,43.7,30,25,11.4,1.9,0,0.6,2.4,40.8,87.6,121.7,137.7,146.9,124.7,99.7,71.5,34.4,1.5,40.8,39.1,60.2,90.5,98.1,100.9,100.9,105.9,88.6,74.1,80.1,55.7,0.8,8.7,95,46.6,10.5,8.5,5.2,10.2,11.9,9.6,23.9,7.5,57.6,60.3,66.7,58.8,46,34.4,26.8,27.8,29.8,34.3,54.4,55.1,64.1,104.9,151.7,189.3,221.2,249.4,251.1,215.7,177.2,116.4,68.5,53.3,87.8,113.1,31.1,0,0,0,0,0,0,0,3.7,49.7,-0.8,1.7,8.2,15.5,21.6,26.9,28.8,27.7,24,17.1,9.1,1.2,-9.8,-7.6,-2.2,3.3,8.7,14.2,16.9,16.1,11.4,5,-0.3,-7.1,0.36,0.4,0.55,0.77,1.13,1.66,1.99,1.96,1.43,0.91,0.64,0.42,0.08,0.13,0.27,0.51,0.75,0.94,0.98,0.83,0.76,0.52,0.25,0.1,4.6,4.5,4.7,5,4.5,3.5,3.1,2.8,3.2,3.9,4.4,4.6
"US-KFS",-95.1907,39.0561,-95.1875,39.0625,2036,1223,8.7,22.1,67.1,87.6,115.2,133.2,117.5,106.4,90.1,70.3,42.6,15.3,0.5,1.5,9.6,20.4,20.5,21.4,54.4,49,32.4,19.4,10.2,2.5,9.3,23.6,76.7,108,135.6,154.5,172,155.4,122.5,89.6,52.8,17.8,26.6,33.4,62.9,95.9,137.8,151.1,109.4,104.5,109.7,87.4,54.1,40.6,0.6,7.1,25.8,16.2,19.1,17.4,9.5,5.6,13.8,12.3,8.4,3.2,62.7,65.4,68.1,60.4,63.9,64.5,46.9,39.3,45.2,50.1,53,60.7,84.3,116.1,168.5,196.6,237.5,262.8,270.5,238.7,195.5,138.5,88.8,76.3,31.6,33,0.2,0,0,0,0,0,0,0,0,14.5,4,6.8,13.2,19,24,29,31.6,31.1,26.5,19.9,12.1,5.1,-6.4,-4.5,1,6.9,12.5,17.4,20.2,19,14,7.8,1.2,-4.7,0.4,0.45,0.62,0.91,1.38,1.96,2.28,2.16,1.57,1.01,0.67,0.44,0.21,0.28,0.48,0.7,0.86,1.06,1.25,1.24,0.98,0.7,0.39,0.23,4.3,4.3,4.7,5.1,4.4,4,3.4,3.2,3.6,4,4.4,4.3
"US-Los",-89.9792,46.0827,-89.9791666666667,46.0625,2161,1055,0,0,0.9,59.6,96.3,100.2,106,97.4,66.5,46.2,4.7,0,0,0,0,0.1,7,12.4,19.7,9.5,4.1,0.9,0.1,0,0,0,0.9,59.6,103.3,112.6,125.7,106.9,70.7,47.1,4.8,0,29.1,24.8,40.6,64.6,93.9,98.5,98.2,102.9,102.1,82.6,50,42,0,0,1.6,142.4,29.9,11.7,9.2,6.4,23.1,22.4,3.5,0,102.1,102.1,103.5,115.3,103.3,89.9,73,72.1,84.6,98.6,102.1,102.1,55,87.5,139.7,186.6,223.2,240,244.4,208.2,151,91.3,52.9,40.2,108,132.8,169.5,20.3,0,0,0,0,0,0,38.3,80.2,-6,-3.2,2.6,10.5,17.6,22.2,24.7,23.6,18.7,11.8,3,-4.2,-16.8,-15.5,-9.5,-2.1,4.1,9.9,12.8,12,7.5,1.1,-5.3,-13.2,0.26,0.27,0.38,0.54,0.84,1.32,1.59,1.55,1.19,0.72,0.47,0.3,0.03,0.07,0.15,0.36,0.59,0.64,0.73,0.62,0.42,0.32,0.13,0.04,3.3,3.4,3.4,3.7,3.7,3,2.7,2.7,3,3.4,3.4,3.3
"US-Me2",-121.5574,44.4523,-121.5625,44.4375,1403,1094,6.2,11.8,43,69.4,58.2,38.9,17.1,19.3,29.3,48.7,22.5,4.4,0,0,0.4,5.7,50.2,95.7,154.3,140.4,84.5,18.6,0,0,6.2,11.8,43.4,75.1,108.4,134.6,171.4,159.7,113.8,67.3,22.5,4.4,124.6,90.3,74.2,49.6,39.7,35.3,15.4,18.7,29.7,57.4,120.4,152.8,65.2,96.8,140.8,25.3,2,1.8,0.8,0.9,1.5,2.9,55.1,43.9,44.5,44.7,44,36,16.6,11.3,8.7,7.2,6.1,11.9,38.4,41.9,55.7,100.2,142.3,194.7,238.2,275.4,296.9,260.6,198.5,119.3,64.7,46.6,165.7,147.3,38.3,1.1,0,0,0,0,0,0,16.4,117.3,4.1,5.6,8.3,11.6,15.8,20.1,25.4,25.8,21.9,15.1,6.9,3.8,-4.8,-4.6,-3,-1.4,1.4,4.1,6.5,6.6,4.1,0.4,-2.7,-5.1,0.44,0.45,0.49,0.55,0.66,0.78,0.86,0.85,0.72,0.6,0.52,0.42,0.19,0.23,0.31,0.42,0.59,0.81,1.25,1.32,1.01,0.58,0.24,0.19,3.4,3.4,3.6,3.6,3.6,3.7,3.6,3.5,3.2,3.1,3.3,3.3
"US-Me3",-121.6078,44.3154,-121.604166666667,44.3125,1402,1097,4.9,14.3,51.2,63,37.1,27.1,13.9,14.2,17.5,35.6,22.8,3.3,0,0,0.9,17.5,77.2,114.7,164.4,153.6,100.1,32.5,0,0,4.9,14.3,52.1,80.5,114.3,141.8,178.3,167.8,117.5,68.1,22.8,3.3,84,60.8,44.2,30.9,24.5,23.4,11.7,13.1,17.1,36.6,78.9,102.3,33.5,76.4,67.2,1.9,1.2,1.2,0.6,0.6,0.8,1.8,15.9,19.9,56.5,59.5,58.6,32.2,18.3,13.4,10.7,9,7.7,6.9,39.1,47.6,55.8,100.5,145.3,195.9,238.9,277.2,297.2,261.9,200.4,120.7,65.7,47,113.9,81,7.6,0,0,0,0,0,0,0,8,78.6,4.6,6.8,10.1,13.5,17.7,22,27.3,28,23.6,16.6,7.9,4.2,-5.4,-4.7,-2.6,-1,1.5,4.5,6.4,6.4,3.5,-0.2,-2.8,-5.8,0.48,0.49,0.54,0.6,0.71,0.84,0.93,0.91,0.78,0.65,0.56,0.46,0.15,0.22,0.34,0.47,0.65,0.92,1.39,1.47,1.08,0.6,0.23,0.15,3.3,3.3,3.5,3.6,3.6,3.6,3.5,3.4,3.2,3,3.2,3.3
"US-MMS",-86.4131,39.3232,-86.3958333333333,39.3125,2247,1217,4.3,11.8,53.1,84.8,107.6,110.5,118.6,94.6,75.3,63,42.7,12.2,0,0,0.2,4.3,7.8,23,27.7,36.7,30.1,12.4,0.9,0,4.3,11.8,53.3,89.2,115.4,133.5,146.3,131.3,105.3,75.4,43.6,12.2,68.9,65.6,93.8,107.2,138.3,99.9,114,87.8,85.8,86.2,97.6,88.3,14,40.1,119,36.9,37.6,9.3,8.7,4.4,9.2,14.2,31.3,26.6,96.8,100.6,106.1,99.6,92.7,72.7,59.5,48.2,49.7,58.6,82.1,97,74.1,112.6,152.1,195.7,226.2,251.4,255.8,228.7,184.7,130.1,78.4,59.8,81.8,91.7,7.9,0,0,0,0,0,0,0,0.1,34.7,2.4,4.8,10.8,17.4,22.5,27.3,29.4,29,25.7,19,11.9,4.5,-6.5,-5.2,-0.2,5.2,10.7,16,18,16.9,12.5,6.2,1.3,-4.2,0.46,0.48,0.66,0.93,1.36,1.88,2.15,2.08,1.53,1.01,0.73,0.5,0.11,0.17,0.3,0.52,0.67,0.86,0.95,0.91,0.87,0.57,0.32,0.16,4.4,4.2,4.3,4.5,3.8,3,2.6,2.5,2.7,3.3,3.9,4
"US-Mpj",-106.2377,34.4385,-106.229166666667,34.4375,1771,1334,9.6,29,30.6,17.4,20.2,25.2,72,71.5,47.3,33.4,17.8,9.7,10.3,22,73.1,129.1,162.9,177.1,117.4,91,89.8,74.7,51.3,9.6,20,50.9,103.6,146.5,183,202.2,189.5,162.5,137.1,108.1,69.1,19.3,18.5,19.8,20.9,16.5,20.3,25.9,75.4,75,49.5,34.9,18.6,29.5,0.6,2.8,1.4,0.8,1,1.3,3.8,3.8,2.5,1.7,0.9,0.6,7.4,11.1,6.7,4.9,4.1,3.5,3.2,2.9,2.6,2.4,2.3,5.2,130,166,220.1,269.2,306.4,318.4,287.5,259.1,230.6,183.3,139.6,118.3,22.3,6.6,0,0,0,0,0,0,0,0,0,16.2,7.5,10.1,13.9,18.6,23.7,29.1,30,28.2,25.3,19.7,12.9,7.6,-6.6,-4.8,-2.3,1.1,5.7,10.4,12.6,12.2,8.7,3.1,-2.4,-6.5,0.39,0.4,0.43,0.49,0.7,0.95,1.28,1.38,1.07,0.72,0.49,0.4,0.32,0.44,0.63,0.92,1.23,1.7,1.58,1.26,1.12,0.82,0.52,0.32,4.1,4.7,4.8,5.5,4.8,4.2,3.5,3.2,3.4,3.9,4.2,4.4
"US-NR1",-105.5464,40.0329,-105.5625,40.0208333333333,1787,1200,0.2,0,0.4,12.4,104.8,94.7,66.1,63.7,43.5,29.7,2.3,0,0,0,0,0,0.2,43.4,83.6,67.8,63.7,37,0.1,0,0.2,0,0.4,12.4,105,138.1,149.6,131.5,107.2,66.7,2.4,0,43.5,38.5,47.9,56.7,54.8,51.9,56.6,62.7,42.7,36.4,37.1,45.3,0,0,0.1,5.6,128.9,10.3,2.8,3.1,2.1,1.6,0.1,0,12.5,12.5,13.5,34.5,67.3,31.3,19,14.8,11.8,11.9,12.2,12.2,95.2,128.7,179.3,214.9,259.5,280.7,274.1,231.1,200,147.2,100,84.2,126,164.6,211,228.7,17,0,0,0,0,5.1,39.4,84.7,1.5,0.8,3,5.9,11.4,17.3,20.9,19.8,16,10,3.8,0.8,-11.9,-13.4,-11.3,-8.1,-3,1.2,4.7,4.2,0.5,-4.1,-9,-11.9,0.22,0.2,0.25,0.31,0.42,0.56,0.77,0.75,0.54,0.36,0.25,0.2,0.25,0.24,0.26,0.33,0.51,0.77,0.9,0.82,0.7,0.49,0.32,0.25,5.4,5,4.8,5,4.8,4.5,3.9,3.8,4.2,4.8,4.8,5.3
"US-Oho",-83.8438,41.5545,-83.8541666666667,41.5625,2308,1163,1.4,2.1,37.9,80.5,97.1,99.9,91.6,81.6,68.7,54.2,35.8,5.4,0,0,0,4.3,19.3,33.6,55.7,40.6,28,13.1,0.7,0,1.4,2.1,37.9,84.8,116.4,133.4,147.3,122.2,96.7,67.3,36.5,5.4,50.7,47.8,60.7,80.8,91.2,93,84.4,82.7,75.8,66.7,73.7,65,5.6,8.7,92.6,52.5,8.4,6.2,4.2,4.7,4,5.5,13.9,9.5,60.2,62.5,69.4,62,47.7,34.6,23.2,19.6,22.7,29.6,52.9,59.7,61.4,100.7,145.8,187.2,222.1,248.1,252.1,211.6,176.4,114.6,68.1,51.1,86.9,121.6,44.8,0.1,0,0,0,0,0,0,0.7,44,-0.1,1.7,8,15.4,21.5,26.5,28.7,27.5,24,17.1,9.8,2.4,-8.3,-7.1,-2.6,3.2,8.7,14.2,16.5,15.4,11,5,0.5,-5.1,0.39,0.4,0.53,0.76,1.14,1.64,1.9,1.89,1.41,0.93,0.66,0.44,0.09,0.13,0.26,0.51,0.72,0.93,1.03,0.85,0.75,0.5,0.27,0.14,4.4,4.2,4.2,4.5,3.8,3,2.8,2.6,2.8,3.5,4,4.2
"US-PFa",-90.2723,45.9459,-90.2708333333333,45.9375,2154,1058,0,0,1.8,63.4,96.2,100.1,103.6,96.9,67.3,46.7,5.2,0,0,0,0,0.3,8,13,20.5,10.1,4.4,0.8,0.2,0,0,0,1.8,63.7,104.2,113.1,124.1,107,71.8,47.5,5.4,0,28.9,23.9,41.5,65.8,91.2,97.6,96.2,101.5,102.1,84.7,48.2,41,0,0,3.9,140.8,20.9,10,8.4,5.9,23.5,23.4,3.3,0,98.8,98.8,100.5,112.4,98.7,86.2,70.4,69.1,80.4,95,98.8,98.8,57.2,90.5,141.5,187.4,222.8,240.3,245.4,209.9,152.4,92,54.1,41.8,104.5,128.4,162.4,12.2,0,0,0,0,0,0,36,77.1,-5.9,-3.1,3,10.8,17.9,22.4,24.6,23.8,19.1,11.9,3.2,-4.2,-16.7,-15,-8.7,-1.6,4.6,10.1,12.8,12.1,7.6,1.2,-5.2,-13.2,0.26,0.26,0.38,0.54,0.85,1.34,1.61,1.57,1.2,0.72,0.47,0.3,0.04,0.09,0.17,0.39,0.61,0.64,0.69,0.62,0.44,0.32,0.13,0.05,3.2,3.3,3.3,3.6,3.6,3,2.6,2.6,2.9,3.2,3.3,3.2
"US-Prr",-147.48756,65.12367,-147.479166666667,65.1041666666667,781,598,0,0,0,6.7,73.7,60,61.9,51.4,29.9,0.2,0,0,0,0,0,0,7.3,50.6,39.3,20.3,9.6,0,0,0,0,0,0,6.7,81,110.7,101.2,71.7,39.5,0.2,0,0,18.2,16.4,9.2,8.7,19.1,41.1,61,54.2,34.3,18.6,16.7,16.8,0,0,0,3.2,17,2.1,3,2.7,1.7,0,0,0,18.8,18.8,18.8,25.9,40.3,19.8,15.8,15.9,18.5,18.7,18.7,18.7,6.1,27.3,88.2,154.7,186.8,222,186.5,133.8,81.3,36.5,10.3,2,69.3,85.7,94.9,86.5,0.4,0,0,0,0,18.2,34.9,51.7,-16.1,-10.6,-4.9,4.6,13.6,20.4,20.7,17.5,11,-0.4,-12.3,-15,-23,-19.7,-17.7,-7.9,1.5,7.9,9.6,7.1,1.3,-8.3,-18.9,-21.1,0.12,0.14,0.16,0.33,0.57,0.91,1.11,0.99,0.66,0.34,0.14,0.13,0.04,0.07,0.14,0.27,0.56,0.83,0.71,0.53,0.34,0.13,0.05,0.03,2,1.9,2.5,2.7,2.9,2.7,2.5,2.3,2.3,2.2,1.9,1.8
"US-Seg",-106.702,34.3623,-106.6875,34.3541666666667,1760,1336,9.3,11.9,10.3,10.5,11.6,14.5,40.1,48.4,33.9,26.1,11.8,11.6,23.2,54.9,104.5,151.9,189.8,204.7,170.2,134.3,118.2,92.5,63.5,24.9,32.5,66.7,114.8,162.5,201.4,219.2,210.3,182.7,152.1,118.7,75.3,36.5,10,10.2,10.7,11,12.2,15.2,42.2,50.9,35.6,27.5,12.4,14.8,0.4,0.6,0.5,0.5,0.6,0.8,2.1,2.5,1.8,1.4,0.6,0.6,1.8,1.6,1.4,1.3,1.2,1.2,1.1,1.1,1,1,0.9,1.6,131.9,167.7,222.1,274.6,314.4,326.6,297.8,266.4,236.3,186.7,142.4,119.2,2.1,0,0,0,0,0,0,0,0,0,0,1.9,10.3,13.7,17.9,22.6,27.5,32.7,34,32.5,29.7,23.7,16.3,10.2,-6.3,-4,-1,2.5,7.6,12,15.9,15.3,11.4,4.8,-1.5,-5.8,0.46,0.47,0.5,0.55,0.75,0.99,1.4,1.52,1.19,0.8,0.56,0.45,0.37,0.55,0.81,1.2,1.62,2.21,2.19,1.82,1.58,1.12,0.65,0.38,3.1,3.8,4.1,4.8,4.2,3.7,3.2,2.9,3,3.2,3.4,3.2
"US-Ses",-106.7442,34.3349,-106.729166666667,34.3541666666667,1759,1336,9.1,12,9.3,9.5,11.7,14.5,38.2,47.5,33,26.1,10.9,11.5,22.2,54.1,105.4,152.9,190,205.2,173,135.1,119.8,92.5,64.4,24.6,31.3,66.2,114.7,162.4,201.7,219.7,211.2,182.6,152.8,118.6,75.3,36.1,10,10.2,9.7,9.9,12.2,15.2,40.1,49.9,34.7,27.4,11.4,14.8,0.4,0.6,0.5,0.5,0.6,0.8,2,2.5,1.7,1.4,0.6,0.6,1.8,1.6,1.4,1.3,1.2,1.2,1.1,1.1,1,1,1,1.7,132.9,168.6,222.9,274.9,314.4,326.5,298.6,266.6,236.5,186.8,142.6,120.2,2.2,0,0,0,0,0,0,0,0,0,0,1.9,10.3,13.7,18,22.6,27.6,32.8,34.2,32.7,29.8,23.9,16.4,10.2,-6.5,-4.1,-1.1,2.5,7.6,11.9,15.9,15.4,11.4,4.7,-1.6,-5.9,0.46,0.47,0.51,0.55,0.75,0.99,1.4,1.52,1.19,0.8,0.56,0.45,0.36,0.54,0.82,1.2,1.63,2.22,2.21,1.84,1.6,1.13,0.65,0.37,3,3.7,4,4.8,4.2,3.7,3.2,2.9,3,3.2,3.4,3.2
"US-SRC",-110.8395,31.9083,-110.854166666667,31.8958333333333,1660,1395,26.8,24.4,22.1,9.7,4.7,8,86.6,72.1,39,23.8,16.1,29.4,49.3,62.4,110.6,165,210.1,224.1,126.4,115.2,125.9,118.1,79.8,45.7,76.1,86.9,132.7,174.7,214.8,232.1,212.9,187.3,164.9,141.9,95.9,75.1,28.2,24.2,22.4,9.7,4.6,8.1,91.2,75.7,40.8,24.9,16.8,34.9,1.4,1.2,1.1,0.5,0.2,0.4,4.6,3.8,2,1.2,0.8,1.7,6.1,4.7,3.8,3.3,3,2.8,2.8,2.6,2.5,2.3,2.2,6,139.8,166.8,228,281.8,310.7,320.9,278.9,253,232.7,199.6,154.7,128.8,0,0,0,0,0,0,0,0,0,0,0,0,18.4,19.9,22.8,26.9,31.7,36.6,36.2,34.8,33.7,29.2,23.1,18.2,2.8,4.1,6.2,9.5,14.1,18.8,21.9,21.1,18.5,12.8,6.4,2.7,0.57,0.57,0.6,0.59,0.71,0.85,1.51,1.7,1.35,0.85,0.62,0.54,0.87,1.01,1.28,1.8,2.46,3.33,2.84,2.37,2.36,1.93,1.29,0.89,2.6,2.8,3,3.3,3.2,3,2.7,2.5,2.5,2.6,2.5,2.5
"US-SRG",-110.827675,31.789379,-110.8125,31.7708333333333,1661,1398,38.5,36.3,35.2,17.2,6.5,11.9,115.1,102.1,55.7,30.6,26.5,37,34.4,45.9,88.2,144.2,191.4,201.7,76.2,63.1,93.8,103.2,67.1,37,72.9,82.2,123.4,161.4,197.9,213.6,191.3,165.2,149.5,133.8,93.7,74,41.3,35.1,32.4,15.2,5.5,11.7,129.3,105.5,57.6,32.3,26.6,55,4.7,1.8,1.6,0.8,0.3,0.6,7.9,5.3,2.9,1.7,1.3,5.7,17.8,14.8,10.4,7.7,6.4,5.6,11.8,9.9,8.8,8.8,7.6,19.9,141.7,167.8,228.7,279.8,307.1,315.1,270.3,247.7,228.4,199,155,131.2,0,0,0,0,0,0,0,0,0,0,0,0,14.6,16,18.6,22.5,26.9,31.6,31.9,30.1,29.2,25.3,19.6,15,1.1,2.1,3.6,6.9,11.2,15.5,18.3,17.4,15.4,10.9,5,1.5,0.48,0.48,0.49,0.49,0.6,0.74,1.35,1.51,1.18,0.74,0.52,0.46,0.69,0.79,0.98,1.38,1.85,2.48,2.09,1.64,1.74,1.54,1.06,0.74,3.1,3.3,3.5,3.7,3.5,3.3,2.8,2.5,2.7,2.9,2.9,3
"US-SRM",-110.8661,31.8214,-110.854166666667,31.8125,1660,1397,31.8,29.4,27.8,12.2,5,9.9,103.7,85.6,47.6,27.6,20.7,33,44.6,57,102.7,158.2,204,216,99.9,93.1,112.5,112.7,75.7,43.4,76.5,86.5,130.4,170.4,209,225.9,203.7,178.6,160.1,140.3,96.4,76.4,33.2,28.2,26.9,11.9,4.6,9.9,111.7,88.6,50.1,28.6,21.2,43,2.2,1.4,1.4,0.6,0.2,0.5,5.6,4.4,2.5,1.4,1.1,2.4,10.8,8.1,5.9,5,4.4,3.9,6.3,4.9,4.9,4.5,3.9,11.5,139.5,166.8,228,280.3,308.4,317.5,269.6,247,230,199.4,154.5,130.3,0,0,0,0,0,0,0,0,0,0,0,0,17.6,18.9,21.6,25.6,30.2,35,35.1,33.5,32.5,28.4,22.4,17.7,2.6,3.6,5.5,8.7,13.1,17.7,20.8,19.9,17.5,12.6,6.2,2.7,0.54,0.55,0.57,0.56,0.68,0.82,1.47,1.65,1.3,0.82,0.59,0.52,0.84,0.96,1.19,1.66,2.24,3.03,2.6,2.12,2.17,1.86,1.25,0.88,2.7,2.9,3.1,3.4,3.3,3.1,2.7,2.5,2.6,2.7,2.6,2.7
"US-Syv",-89.3477,46.242,-89.3541666666667,46.2291666666667,2176,1051,0,0,0.5,54.8,96.3,101.2,102.8,94.5,67.7,46.9,4.7,0,0,0,0,0,7.2,14.3,25.6,13.9,5.4,0.9,0.1,0,0,0,0.5,54.8,103.5,115.5,128.4,108.4,73.1,47.8,4.7,0,34.7,29.9,43.2,64.9,87.5,94.5,85.9,95.1,97.4,84.1,55.2,51.2,0,0,0.7,149.5,45.2,9.5,5.8,5,15.3,18.7,3.2,0,100.9,100.9,101.8,118.8,106.4,90.1,67.5,63,77.4,95.9,100.9,100.9,52.9,85.1,138.2,186.2,223.8,241.2,244.2,206.6,149.5,88.7,52.2,39.6,127.2,157.1,198,41.6,0,0,0,0,0,0,42.4,93.6,-6,-3.2,2.4,10.1,17.5,22.5,25.2,23.9,19.1,11.8,3.1,-4,-16.9,-15.9,-10.4,-3,3.1,9,11.9,11,6.9,0.8,-5.3,-13.1,0.26,0.27,0.37,0.53,0.81,1.28,1.55,1.52,1.17,0.71,0.47,0.3,0.03,0.07,0.15,0.35,0.58,0.67,0.77,0.64,0.45,0.32,0.13,0.05,3.5,3.6,3.7,3.9,3.9,3.3,2.9,2.9,3.3,3.6,3.7,3.5
"US-Ton",-120.9659907,38.43093184,-120.979166666667,38.4375,1417,1238,28.8,42.2,67.6,76.7,78.5,63.7,43,24.8,22.7,42.7,40.8,31.5,1.8,2.6,14,39.5,87.9,140.7,182.2,178.3,128.5,55.9,9.8,2.1,30.6,44.8,81.6,116.2,166.4,204.4,225.2,203.1,151.2,98.6,50.6,33.7,107.9,102.9,99.2,53.2,17.7,4.8,0.8,2,9.8,38.1,82.8,109,7,13.5,21.2,5.5,0.9,0.2,0,0.1,0.5,1.9,4.1,5.5,237.1,284.4,294.9,265.8,204.1,145,102.8,80,66.6,60.1,97.9,169.9,72.8,112.4,181.8,228.9,279.7,322.4,325.8,289.2,237.6,165.8,102.7,67.2,0,0,0,0,0,0,0,0,0,0,0,0,12.3,15.4,18.2,21.5,26.6,31.3,34.9,34.1,31.3,25.3,17.4,12.3,3.2,4.9,6.4,8,10.9,13.9,16.3,15.7,14,10.6,6,3.3,0.83,0.89,0.94,0.95,1.08,1.21,1.37,1.34,1.24,1.07,0.93,0.79,0.28,0.43,0.59,0.88,1.33,1.89,2.38,2.25,1.87,1.2,0.55,0.32,2.2,2.6,2.8,3.1,3.3,3.5,3.1,3,2.6,2.3,2.2,2.3
"US-Tw1",-121.6469,38.1074,-121.645833333333,38.1041666666667,1401,1246,24.2,38.3,59.4,49.7,25.7,9.2,4,4,6.6,23.6,32.7,26.4,2.2,3.6,21.7,66.2,135.6,181.9,199.7,178,132.2,69.6,15.3,3,26.3,41.9,81.1,115.8,161.3,191.1,203.7,182,138.8,93.3,48,29.4,74.2,68.4,49.9,23.8,11.1,3,0.2,1.4,4.9,23.3,48.5,68.4,27.1,22.9,8.2,1.2,0.5,0.2,0,0.1,0.2,1.2,2.4,7.3,80.7,88,70.2,43.2,28,21.7,17.9,15.2,13.3,11.8,25.1,59.9,72.9,112,180.7,229.8,278.2,316.6,319.5,283.3,234.8,163.9,103.9,66.9,0,0,0,0,0,0,0,0,0,0,0,0,12,15.7,18.8,21.8,25.8,29,31.2,30.6,28.9,24.6,17.7,12.3,3.3,4.9,6.6,8.3,10.6,12.7,13.2,12.7,11.9,9.5,6,3.2,0.91,0.98,1.02,1.04,1.17,1.29,1.44,1.44,1.36,1.19,1.03,0.88,0.19,0.36,0.56,0.82,1.15,1.46,1.6,1.51,1.34,0.97,0.47,0.23,2.4,2.7,3,3.3,3.7,4,3.7,3.5,3,2.6,2.3,2.4
"US-Uaf",-147.8555,64.8663,-147.854166666667,64.8541666666667,772,604,0,0,0,14.3,71.8,49.9,54.4,46.6,28.5,0.3,0,0,0,0,0,0,15.2,64.5,50.2,26.9,10.5,0,0,0,0,0,0,14.3,87,114.4,104.6,73.5,39,0.3,0,0,16.1,13.5,8.3,7.6,18.1,36.4,53.2,47.8,33.2,22.4,18.3,18.6,0,0,0,8.1,10.5,1.8,2.7,2.4,1.7,0,0,0,13.9,13.9,13.9,26.6,30.7,15.4,11.5,10.3,13.4,13.7,13.7,13.7,6.2,28.4,88.8,155.4,192.1,226.1,189.1,136.7,83.1,37.8,10.9,2.1,74.1,87.6,95.9,68.3,0.1,0,0,0,0,21.7,40.1,58.6,-16.7,-11.7,-4,6.3,15.6,21.8,22.3,18.9,12.2,-0.1,-12.2,-14.9,-25,-22.4,-17.7,-6.8,2.4,8.7,10.5,7.8,1.7,-8.2,-19.8,-22.9,0.14,0.16,0.2,0.37,0.62,0.97,1.19,1.07,0.73,0.39,0.17,0.15,0.01,0.03,0.12,0.3,0.64,0.91,0.8,0.57,0.34,0.09,0.03,0.01,1.9,1.9,2.5,2.6,2.7,2.5,2.3,2.1,2.2,2.1,1.8,1.7
"US-UMB",-84.7138,45.5598,-84.7291666666667,45.5625,2287,1067,0,0,4.5,67.6,93.4,95.2,85.9,85.7,72.9,51.6,21,0.6,0,0,0,0.5,14.2,29,49.6,29.1,6.1,1,0.3,0,0,0,4.5,68.1,107.6,124.2,135.6,114.8,79,52.6,21.4,0.6,51.3,34.7,46.7,64.5,71.3,70.5,65.9,82,99,89,75.8,59.7,0.1,0,8.5,165.4,8.4,3.7,3.3,4.1,5.9,9.5,20.4,1.9,100.8,101,106.7,115.6,91.9,63.5,40.2,32.3,52.5,80.4,102.1,102.5,50.7,85.4,148,190.6,223.9,252.2,246.1,207.7,155.4,89.4,51.2,40,121.8,156.2,184.3,6.8,0,0,0,0,0,0,12.6,69.6,-2.6,-1.1,3.8,11.2,18.6,23.7,26.2,25.1,20.5,13.6,6.2,-0.2,-11.7,-11.8,-7.5,-0.7,4.9,10.2,13.5,12.8,8.9,3.3,-1.3,-7.5,0.29,0.3,0.39,0.56,0.86,1.31,1.58,1.6,1.26,0.8,0.56,0.37,0.09,0.12,0.19,0.4,0.66,0.8,0.91,0.76,0.53,0.37,0.2,0.11,3.7,3.6,3.5,3.8,3.5,3,2.8,2.9,3.2,3.5,4,4
"US-UMd",-84.6975,45.5625,-84.6875,45.5625,2288,1067,0,0,4.5,65.3,92.3,95,87.2,86,74.4,52.7,22.2,0.9,0,0,0,0.5,13.7,28.8,49.2,29.2,6.5,1.3,0.4,0,0,0,4.5,65.9,106,123.7,136.4,115.2,80.9,54,22.5,0.9,49.5,33.7,44.1,63.5,70.3,69.5,66.8,82,99,86.7,73.9,58.7,0,0,7.3,154.2,9.3,3.5,3.3,4.1,5.7,8.3,17.7,2.5,99.1,99.4,105.2,116.7,93.8,64.8,41,32.9,51.8,77.4,100.4,100.8,51.3,86.7,149.2,190.8,224.2,252.5,246.3,207.7,155.3,89.7,51.1,40.4,116.2,149.5,176,8.3,0,0,0,0,0,0,11,65.9,-2.5,-1.1,3.8,10.9,18.4,23.7,26.3,25.2,20.9,13.8,6.4,0.2,-11.6,-11.7,-7.5,-0.9,4.7,10.2,13.7,12.9,9.3,3.5,-1.2,-7.2,0.29,0.3,0.39,0.56,0.86,1.32,1.58,1.6,1.26,0.8,0.56,0.37,0.09,0.12,0.19,0.38,0.64,0.79,0.93,0.77,0.57,0.39,0.21,0.13,3.7,3.6,3.5,3.7,3.5,2.9,2.8,2.9,3.1,3.5,4,4
"US-Var",-120.9507564,38.41329154,-120.9375,38.3958333333333,1418,1239,29.1,42.5,68.4,78.4,81.5,65.2,42.2,23.1,22.8,42.5,40.9,31.5,1.8,2.4,13.1,37.8,85.2,139.3,183,180.4,128.6,56.3,9.9,2.1,30.9,44.9,81.5,116.3,166.7,204.4,225.2,203.5,151.5,98.8,50.7,33.5,111.9,106,104,54.2,18.8,4.8,0.8,2,10.6,38.1,82.8,111.4,9.2,18.2,25.6,6,0.9,0.2,0,0.1,0.5,1.9,4.1,5.6,237.8,283.2,293.2,263,199.3,138.7,97.3,76.1,63.4,57.1,94.9,169.3,73.2,113,181.5,229.6,280.9,322.9,325.6,289.9,237.8,166.1,103.3,67.6,0,0,0,0,0,0,0,0,0,0,0,0,12.2,15.4,18.1,21.4,26.6,31.3,34.9,34.1,31.3,25.3,17.4,12.2,3.2,4.8,6.2,7.8,10.7,13.7,16.2,15.6,13.9,10.5,6,3.2,0.82,0.88,0.94,0.94,1.07,1.2,1.36,1.33,1.24,1.07,0.92,0.79,0.28,0.43,0.59,0.88,1.33,1.89,2.39,2.26,1.87,1.2,0.55,0.32,2.2,2.6,2.8,3.1,3.3,3.5,3.2,3,2.6,2.3,2.2,2.3
"US-Vcp",-106.5974,35.8624,-106.604166666667,35.8541666666667,1762,1300,0.8,3.2,28.5,84,66.3,42.4,89.3,86.7,57.2,42.9,21.7,1.8,0,0,0,11.3,72.5,118.9,66.2,46.5,59.2,45.9,17.3,0,0.8,3.2,28.5,95.3,138.9,161.3,155.5,133.2,116.4,88.8,38.9,1.8,41.3,47.9,46.8,34.4,28.3,35.4,90.6,92.8,56.2,46.5,33.8,48.1,0.1,1.9,12.5,41.6,1.9,1.8,4.5,4.6,2.8,2.3,1.3,0.2,17.4,19.5,51.6,57.3,26.3,17.5,14.4,15.8,11.9,13.1,16.2,18,119.5,152.6,208.5,254.3,298.1,314.5,278.4,247.4,222.5,175.2,129.8,108.4,91.5,132.1,105.8,8.8,0,0,0,0,0,0,7.8,52.2,4.1,5.2,8,12.3,17.6,23.1,25,23.6,21.3,15.9,9.4,4.9,-10.9,-9.6,-6.5,-3.6,0.5,4.2,7.5,7.6,4.8,-0.3,-5.1,-9.5,0.37,0.35,0.41,0.47,0.64,0.86,1.14,1.23,0.91,0.62,0.43,0.35,0.18,0.24,0.32,0.49,0.69,0.97,0.98,0.76,0.79,0.59,0.37,0.23,3.7,4.1,4.4,5,4.6,4,3.3,3.2,3.4,3.8,3.8,3.9
"US-WCr",-90.0799,45.8059,-90.0625,45.8125,2159,1061,0,0,1.8,63.9,95.5,99.4,103.5,95.9,66.5,45.8,4.7,0,0,0,0,0.3,8.3,13.3,19.6,10.1,4.6,1,0.1,0,0,0,1.8,64.2,103.9,112.7,123.1,105.9,71.1,46.9,4.8,0,26.1,22.6,42.6,66.9,89.8,98.5,96.5,101.8,103.9,80.4,48.6,37.8,0,0,3.1,136.8,19.4,11.4,8.4,6.3,26.5,21.2,3.8,0,96,96,98,110.9,96.7,84.4,68.9,68.6,79.4,92.8,96,96,56.2,87.8,140.8,186.8,222.9,240,245.2,209.5,152.8,92.7,54.3,42,99.3,122,157.6,11,0,0,0,0,0,0,36.9,74.7,-5.7,-2.7,3.2,11.1,17.9,22.4,24.6,23.7,19,11.9,3.2,-3.9,-16.6,-15.1,-8.9,-1.6,4.3,9.9,12.4,11.7,7.3,1.1,-5.4,-13.2,0.26,0.27,0.38,0.55,0.86,1.35,1.62,1.57,1.2,0.72,0.48,0.3,0.04,0.09,0.17,0.39,0.6,0.63,0.66,0.6,0.43,0.32,0.12,0.05,3.1,3.2,3.3,3.6,3.6,3,2.6,2.6,2.9,3.2,3.3,3.1
"US-Whs",-110.0522,31.7438,-110.0625,31.7291666666667,1679,1399,24.3,18.8,14.9,6.7,4.6,11.1,79.3,76.7,38,20.4,14.2,25.8,50.6,67.7,120.3,169.9,210.1,217,124.2,98.2,118.7,114.3,79.3,46.2,74.9,86.5,135.2,176.5,214.7,228.1,203.5,174.9,156.6,134.6,93.5,72,25.3,19.2,15.4,6.9,4.7,11.6,83.4,80.7,39.9,21.4,14.9,28.8,1.3,1,0.8,0.3,0.2,0.6,4.2,4,2,1.1,0.7,1.4,1.9,1.4,1.2,1.1,1,0.9,0.8,0.8,0.7,0.7,0.7,2.2,142,167.2,230.1,283,309.5,317,276.7,250.8,230.7,199.7,155.7,130.7,0,0,0,0,0,0,0,0,0,0,0,0,15.9,17.6,21,25.3,30.1,34.8,34,32.5,31.3,26.3,20.5,15.7,1.1,2.6,4.8,8,12.4,17.1,19.3,18.6,15.8,10.1,4.3,1.1,0.5,0.5,0.51,0.52,0.63,0.79,1.44,1.61,1.26,0.8,0.56,0.49,0.74,0.88,1.17,1.65,2.25,3.01,2.37,1.92,1.95,1.54,1.07,0.73,3,3.2,3.6,3.8,3.5,3.2,2.8,2.5,2.6,2.9,2.8,2.9
"US-Wjs",-105.8615,34.4255,-105.854166666667,34.4375,1780,1334,10.9,24.2,16,12.8,19.6,26.9,59.5,64.3,36.3,27.7,14.7,12,17.4,36.7,92.2,138.1,168.2,179.6,136.9,104.6,105.7,83.5,58.4,16.3,28.2,60.9,108.1,150.9,187.8,206.5,196.4,168.9,141.9,111.2,73.1,28.3,12.9,18.3,14.9,13,20.4,28.2,62.5,67.6,38.1,29.1,15.4,21.3,0.5,1.3,0.8,0.7,1,1.4,3.1,3.4,1.9,1.5,0.8,0.7,3.2,3.3,2.1,1.7,1.5,1.3,1.2,1.1,1.1,1,0.9,2.8,129.4,165.3,219.8,268.5,306.9,319,293.5,262.9,232.4,182.4,138,117.4,7.8,0.5,0,0,0,0,0,0,0,0,0,6.7,8.6,11.5,15.3,20.1,25.2,30.4,31.3,29.7,26.7,21.1,14.4,8.8,-6,-4.3,-1.7,1.6,6.4,11,13.3,13,9.5,3.5,-1.8,-6.1,0.41,0.44,0.47,0.54,0.78,1.07,1.38,1.47,1.15,0.78,0.53,0.43,0.35,0.47,0.68,0.98,1.31,1.78,1.69,1.38,1.21,0.88,0.57,0.34,4,4.5,4.7,5.4,4.7,4.1,3.5,3.2,3.4,3.9,4.1,4.2
"US-Wkg",-109.9419,31.7365,-109.9375,31.7291666666667,1682,1399,29.8,22.5,18.6,9,5.6,12.2,87.8,81.6,42.7,24.1,17.8,28.6,47,65.5,116.7,167.4,208.6,214.2,109.9,88.8,112.7,110.4,77.3,45.3,76.8,88,135.3,176.4,214.2,226.4,197.7,170.4,155.5,134.6,95.1,73.9,30.4,22.3,19.1,9.2,5.7,12.7,92.3,85.8,44.9,25.3,18.7,34.7,1.9,1.1,1,0.5,0.3,0.6,4.6,4.3,2.2,1.3,0.9,2.1,3.8,2.4,2,1.7,1.5,1.3,1.2,1.2,1.1,1,1,5,140.8,166.9,229.3,281.9,308,314,269.8,246.6,229.2,198.6,155.1,130.3,0,0,0,0,0,0,0,0,0,0,0,0,15.4,17.1,20.3,24.5,29.4,34.1,33.2,31.7,30.5,25.7,19.9,15.2,1.1,2.3,4.3,7.4,11.8,16.5,18.4,17.8,15.2,9.8,4.2,1,0.47,0.47,0.48,0.48,0.59,0.75,1.38,1.55,1.2,0.76,0.53,0.47,0.75,0.87,1.14,1.59,2.17,2.89,2.25,1.83,1.87,1.51,1.06,0.73,3.2,3.4,3.7,4,3.7,3.4,2.9,2.5,2.8,3,3,3
